SET SQL_MODE="NO_AUTO_VALUE_ON_ZERO";

DROP SCHEMA IF EXISTS adi_apps;
CREATE SCHEMA adi_apps;
USE adi_apps;

CREATE TABLE `users` (
  `id` int(11) unsigned NOT NULL AUTO_INCREMENT,
  `email` varchar(100) NOT NULL,
  `password` varchar(128) NOT NULL,
  `name` varchar(100) NOT NULL,
  KEY `id` (`id`)
) ENGINE=MyISAM  DEFAULT CHARSET=utf8 AUTO_INCREMENT=2 ;

INSERT INTO `users` (`id`, `email`, `password`, `name`) VALUES
(1, 'adi.s.kurniawan@gmail.com', 'df252cddfb5b8f13eb8ee18fe753d87c', 'Adi Kurniawan');

CREATE TABLE `articles` (
  `id` int(11) unsigned NOT NULL AUTO_INCREMENT,
  `title` varchar(100) NOT NULL,
  `slug` varchar(100) NOT NULL,
  `pubdate` date DEFAULT NULL,
  `body` text NOT NULL,
  `created` datetime DEFAULT NULL,
  `modified` datetime DEFAULT NULL,
  PRIMARY KEY (`id`)
) ENGINE=MyISAM  DEFAULT CHARSET=utf8 AUTO_INCREMENT=2 ;

INSERT INTO `articles` (`id`, `title`, `slug`, `pubdate`, `body`, `created`, `modified`) VALUES
(1, 'tes', '', '2013-06-07', '<p>tes</p>', '2013-06-07 11:39:45', '2013-06-07 11:39:53');

CREATE TABLE `ci_sessions` (
  `session_id` varchar(40) COLLATE utf8_unicode_ci NOT NULL,
  `ip_address` varchar(45) COLLATE utf8_unicode_ci NOT NULL,
  `user_agent` varchar(120) COLLATE utf8_unicode_ci DEFAULT NULL,
  `last_activity` int(11) NOT NULL,
  `user_data` longtext COLLATE utf8_unicode_ci NOT NULL,
  PRIMARY KEY (`session_id`)
) ENGINE=InnoDB DEFAULT CHARSET=utf8 COLLATE=utf8_unicode_ci;

INSERT INTO `ci_sessions` (`session_id`, `ip_address`, `user_agent`, `last_activity`, `user_data`) VALUES
('7fca71c9861d3eb85dead6f73ab37c7f', '::1', 'Mozilla/5.0 (Windows NT 6.1; rv:21.0) Gecko/20100101 Firefox/21.0', 1370594858, 'a:5:{s:9:"user_data";s:0:"";s:4:"name";s:0:"";s:5:"email";s:25:"adi.s.kurniawan@gmail.com";s:2:"id";s:1:"1";s:8:"loggedin";b:1;}');

CREATE TABLE `pages` (
  `id` int(11) unsigned NOT NULL AUTO_INCREMENT,
  `title` varchar(100) NOT NULL,
  `slug` varchar(100) NOT NULL,
  `order` int(11) DEFAULT NULL,
  `body` text NOT NULL,
  `parent_id` int(10) unsigned DEFAULT 0,
  `template` varchar(25) NOT NULL,
  PRIMARY KEY (`id`)
) ENGINE=MyISAM DEFAULT CHARSET=utf8 AUTO_INCREMENT=1 ;

-- POS

CREATE TABLE app_config (
  `key` varchar(255) NOT NULL,
  `value` varchar(255) NOT NULL,
  PRIMARY KEY (`key`)
) ENGINE=InnoDB DEFAULT CHARSET=utf8;

INSERT INTO `app_config` (`key`, `value`) VALUES
('address', 'Alamat Palsu'),
('company', 'Perusahaanku'),
('default_tax_rate', '8'),
('email', 'admin@admin.com'),
('fax', ''),
('phone', '123-456-7890'),
('return_policy', 'Test'),
('timezone', 'America/New_York'),
('website', '');

CREATE TABLE customers (
  person_id int(10) NOT NULL,
  company_name varchar(255) DEFAULT NULL,
  account_number varchar(255) DEFAULT NULL,
  taxable int(1) NOT NULL DEFAULT '1',
  deleted int(1) NOT NULL DEFAULT '0',
  UNIQUE KEY account_number (account_number),
  KEY person_id (person_id)
) ENGINE=InnoDB DEFAULT CHARSET=utf8;

INSERT INTO `customers` (`person_id`, `account_number`, `taxable`, `deleted`) VALUES
(2, NULL, 1, 0),
(3, NULL, 0, 0),
(4, NULL, 0, 0);

CREATE TABLE employees (
  username varchar(255) NOT NULL,
  `password` varchar(255) NOT NULL,
  person_id int(10) NOT NULL,
  deleted int(1) NOT NULL DEFAULT '0',
  UNIQUE KEY username (username),
  KEY person_id (person_id)
) ENGINE=InnoDB DEFAULT CHARSET=utf8;

INSERT INTO `employees` (`username`, `password`, `person_id`, `deleted`) VALUES
('admin', '21232f297a57a5a743894a0e4a801fc3', 1, 0);

CREATE TABLE giftcards (
  giftcard_id int(11) NOT NULL AUTO_INCREMENT,
  giftcard_number varchar(25) COLLATE utf8_unicode_ci NOT NULL,
  `value` double(15,2) NOT NULL,
  deleted int(1) NOT NULL DEFAULT '0',
  PRIMARY KEY (giftcard_id),
  UNIQUE KEY giftcard_number (giftcard_number)
) ENGINE=InnoDB  DEFAULT CHARSET=utf8 COLLATE=utf8_unicode_ci AUTO_INCREMENT=48 ;

CREATE TABLE inventory (
  trans_id int(11) NOT NULL AUTO_INCREMENT,
  trans_items int(11) NOT NULL DEFAULT '0',
  trans_user int(11) NOT NULL DEFAULT '0',
  trans_date timestamp NOT NULL DEFAULT CURRENT_TIMESTAMP,
  trans_comment text NOT NULL,
  trans_inventory int(11) NOT NULL DEFAULT '0',
  PRIMARY KEY (trans_id),
  KEY inventory_ibfk_1 (trans_items),
  KEY inventory_ibfk_2 (trans_user)
) ENGINE=InnoDB DEFAULT CHARSET=utf8 AUTO_INCREMENT=1 ;

CREATE TABLE items (
  `name` varchar(255) NOT NULL,
  category varchar(255) NOT NULL,
  supplier_id int(11) DEFAULT NULL,
  item_number varchar(255) DEFAULT NULL,
  description varchar(255) NOT NULL,
  cost_price double(15,2) NOT NULL,
  unit_price double(15,2) NOT NULL,
  quantity double(15,2) NOT NULL DEFAULT '0.00',
  reorder_level double(15,2) NOT NULL DEFAULT '0.00',
  location varchar(255) NOT NULL,
  item_id int(10) NOT NULL AUTO_INCREMENT,
  allow_alt_description tinyint(1) NOT NULL,
  is_serialized tinyint(1) NOT NULL,
  deleted int(1) NOT NULL DEFAULT '0',
  PRIMARY KEY (item_id),
  UNIQUE KEY item_number (item_number),
  KEY items_ibfk_1 (supplier_id)
) ENGINE=InnoDB DEFAULT CHARSET=utf8 AUTO_INCREMENT=1 ;

INSERT INTO `items` (`name`, `category`, `supplier_id`, `item_number`, `description`, `cost_price`, `unit_price`, `quantity`, `reorder_level`, `location`, `item_id`, `allow_alt_description`, `is_serialized`, `deleted`) VALUES
('RR', 'RR', NULL, NULL, 'WOODHOUSE', 0.00, 460.00, 0.00, 5.00, '1.00', 1, 0, 1, 0),
('Mouse Pad', 'Supplies', NULL, NULL, '', 1.25, 5.00, 0.00, 185.00, '5.00', 2, 0, 1, 0),
('refund', 'refund', NULL, '999', '', 0.00, 0.00, 0.00, 99.00, '0.00', 3, 0, 1, 0),
('CEVICHE', 'MARISCO', NULL, '8991102385053', '', 15500.00, 1.00, 0.00, 19999.00, '1.00', 4, 0, 1, 0),
('we', 'dsds', NULL, '12121212', '', 1221.00, 1234.00, 0.00, 12.00, '3.00', 5, 0, 1, 0),
('najib', 'para', NULL, '123456789', 'beirut', 5.00, 100.00, 0.00, 98.00, '10.00', 6, 1, 1, 0),
('Mouse Pad Negro', 'Hardware', NULL, '1515', '', 5.00, 7.50, 0.00, 124.00, '5.00', 7, 0, 1, 0),
('kit', 'kit', NULL, 'kit', '', 1.00, 100.00, 0.00, 2.00, '0.00', 8, 0, 1, 0),
('frame', 'frama-e', NULL, 'kre1015', '', 1.00, 121.00, 0.00, 9999.00, '1.00', 9, 0, 1, 0),
('Bhggggf', 'Jhhjj', NULL, '88777', '', 5.00, 55.00, 0.00, 12.00, '12.00', 10, 0, 1, 0),
('SUGAR (KG)', 'FOOD', NULL, '100000', '', 5.00, 6.50, 0.00, 57.00, '1.00', 11, 0, 1, 0),
('Wax', 'Merch', NULL, '8936014823767cat002', 'Bin 5', 7.50, 10.00, 0.00, 194.00, '50.00', 12, 1, 1, 0),
('ESMALTE CARIBEAN BLUE # 104', '', NULL, NULL, 'Earth', 17.25, 23.00, 0.00, 10.00, '1.00', 13, 0, 1, 0),
('ESMALTE BURGUNDY # 124', '', NULL, NULL, 'Earth', 17.25, 23.00, 0.00, 10.00, '1.00', 14, 0, 1, 0),
('ESMALTE BORDEAUX # 123', '', NULL, NULL, 'Earth', 17.25, 23.00, 0.00, 0.00, '1.00', 15, 0, 1, 0),
('ESMALTE BLACK STAR # 121', '', NULL, NULL, 'Earth', 17.25, 23.00, 0.00, 10.00, '1.00', 16, 0, 1, 0),
('ESMALTE AQUA # 102', '', NULL, NULL, 'Earth', 17.25, 23.00, 0.00, 9.00, '1.00', 17, 0, 1, 0),
('ESMALTE AMETHYST # 130', '', NULL, NULL, 'Earth', 17.25, 23.00, 0.00, 10.00, '1.00', 18, 0, 1, 0),
('ESMALTE ALABASTER # 138', '', NULL, NULL, 'Earth', 17.25, 23.00, 0.00, 10.00, '1.00', 19, 0, 1, 0),
('ENJUAGE ACONDICIONADOR SOAVENCE (3.5 LT)', '', NULL, NULL, 'Earth', 83.25, 111.00, 0.00, 10.00, '1.00', 20, 0, 1, 0),
('ENGANCHE PAQUETE DE MUEBLES BASICO P/ESTETICA', '', NULL, NULL, 'Earth', 750.00, 1000.00, 0.00, 10.00, '1.00', 21, 0, 1, 0),
('ELIMINADOR DE CALLOS FEET LIGHT P/PIES', '', NULL, NULL, 'Earth', 149.25, 199.00, 0.00, 10.00, '1.00', 22, 0, 1, 0),
('ELIMINADOR DE CALLOS FEET LIGHT P/MANOS', '', NULL, NULL, 'Earth', 90.00, 120.00, 0.00, 10.00, '1.00', 23, 0, 1, 0),
('ELIMINADOR DE CALLOS BE NATURAL 30 ML.', '', NULL, NULL, 'Earth', 43.50, 58.00, 0.00, 10.00, '1.00', 24, 0, 1, 0),
('ELIMINADOR DE CALLOS BE NATURAL 120 ML. O 4 OZ', '', NULL, NULL, 'Earth', 142.50, 190.00, 0.00, 10.00, '1.00', 25, 0, 1, 0),
('EFFACOL SOBRE 28 GRS.', '', NULL, NULL, 'Earth', 39.00, 52.00, 0.00, 10.00, '1.00', 26, 0, 1, 0),
('DULCIA TONICA AHA 3 MUY SENSIBILIZADO 250ML', '', NULL, NULL, 'Earth', 106.50, 142.00, 0.00, 10.00, '1.00', 27, 0, 1, 0),
('DULCIA TONICA AHA 2 TE', '', NULL, NULL, 'Earth', 106.50, 142.00, 0.00, 10.00, '1.00', 28, 0, 1, 0),
('DULCIA TONICA AHA 1 NATURAL 250ML', '', NULL, NULL, 'Earth', 106.50, 142.00, 0.00, 10.00, '1.00', 29, 0, 1, 0),
('DULCIA TONICA AHA 0 CABELLOS NATURALES Y RESISTENTES', '', NULL, NULL, 'Earth', 106.50, 142.00, 0.00, 10.00, '1.00', 30, 0, 1, 0),
('DUE FACCETTA MASSIMO   300ML', '', NULL, NULL, 'Earth', 204.75, 273.00, 0.00, 10.00, '1.00', 31, 0, 1, 0),
('DUE FACCETTA LUNGA DURATA   300ML', '', NULL, NULL, 'Earth', 204.75, 273.00, 0.00, 10.00, '1.00', 32, 0, 1, 0),
('DOSIFICADOR P/ACETONA GRANDE DE PLASTICO, DESPACHADOR', '', NULL, NULL, 'Earth', 33.75, 45.00, 0.00, 9.00, '1.00', 33, 0, 1, 0),
('dosificador p/acetona de plastico, despachador', '', NULL, NULL, 'Earth', 22.50, 30.00, 0.00, 10.00, '1.00', 34, 0, 1, 0),
('DOSIFICADOR P/ACETONA CHICO DE PLASTICO, DESPACHADOR', '', NULL, NULL, 'Earth', 22.50, 30.00, 0.00, 10.00, '1.00', 35, 0, 1, 0),
('DISOLVENTE P/EXT. PESTA', '', NULL, NULL, 'Earth', 41.25, 55.00, 0.00, 10.00, '1.00', 36, 0, 1, 0),
('DISOLVENTE P/EXT. CABELLO J. DENIS REMOVEDOR', '', NULL, NULL, 'Earth', 24.00, 32.00, 0.00, 10.00, '1.00', 37, 0, 1, 0),
('DIFUSOR P/SECADORA UNIVERSAL TANYS', '', NULL, NULL, 'Earth', 57.38, 76.50, 0.00, 10.00, '1.00', 38, 0, 1, 0),
('DESRIZAL ESTUCHE COMPLETO PARA 1 A 2 DES', '', NULL, NULL, 'Earth', 118.50, 158.00, 0.00, 10.00, '1.00', 39, 0, 1, 0),
('DEDOS PARA PRACTICA (PIEZA)', '', NULL, NULL, 'Earth', 6.00, 8.00, 0.00, 10.00, '1.00', 40, 0, 1, 0),
('DECORACION VIRGENCITAS', '', NULL, NULL, 'Earth', 9.75, 13.00, 0.00, 10.00, '1.00', 41, 0, 1, 0),
('DECORACION SEMILLA COLORES BOLSITA', '', NULL, NULL, 'Earth', 9.00, 12.00, 0.00, 10.00, '1.00', 42, 0, 1, 0),
('DECORACION PUNTA DE CERILLO P/U?AS (PAQUETE) CINDYNAIL', '', NULL, NULL, 'Earth', 10.20, 13.60, 0.00, 10.00, '1.00', 43, 0, 1, 0),
('DECORACION PRESTIGE PLUMAS BOLSA', '', NULL, NULL, 'Earth', 12.75, 17.00, 0.00, 10.00, '1.00', 44, 0, 1, 0),
('DECORACION PRESTIGE PIEL VIBORA BOLSA', '', NULL, NULL, 'Earth', 19.13, 25.50, 0.00, 10.00, '1.00', 45, 0, 1, 0),
('DECORACION PRESTIGE PIEDRA HOLOGRAMA BOLSA', '', NULL, NULL, 'Earth', 12.75, 17.00, 0.00, 10.00, '1.00', 46, 0, 1, 0),
('DECORACION PRESTIGE PIEDRA DOMO BOLSA', '', NULL, NULL, 'Earth', 19.13, 25.50, 0.00, 10.00, '1.00', 47, 0, 1, 0),
('DECORACION PRESTIGE PIEDRA C/100 BOLSA', '', NULL, NULL, 'Earth', 12.75, 17.00, 0.00, 10.00, '1.00', 48, 0, 1, 0),
('DECORACION PRESTIGE PETALOS BOLSA', '', NULL, NULL, 'Earth', 12.75, 17.00, 0.00, 10.00, '1.00', 49, 0, 1, 0),
('DECORACION PRESTIGE PAPEL PAJA BOLSA', '', NULL, NULL, 'Earth', 12.75, 17.00, 0.00, 10.00, '1.00', 50, 0, 1, 0),
('DECORACION PRESTIGE PAPEL IRIDISENTE BOLSA', '', NULL, NULL, 'Earth', 12.75, 17.00, 0.00, 10.00, '1.00', 51, 0, 1, 0),
('DECORACION PRESTIGE LOGOS CALCOMANIA BOLSA SIMBOLOS HILDA', '', NULL, NULL, 'Earth', 12.75, 17.00, 0.00, 10.00, '1.00', 52, 0, 1, 0),
('DECORACION PRESTIGE HOJA ORO BOLSA', '', NULL, NULL, 'Earth', 12.75, 17.00, 0.00, 10.00, '1.00', 53, 0, 1, 0),
('DECORACION PRESTIGE HILO INDU BOLSA', '', NULL, NULL, 'Earth', 12.75, 17.00, 0.00, 10.00, '1.00', 54, 0, 1, 0),
('DECORACION PRESTIGE FLOR METAL BOLSA', '', NULL, NULL, 'Earth', 12.75, 17.00, 0.00, 10.00, '1.00', 55, 0, 1, 0),
('DECORACION PRESTIGE FLOR MARGARITA BOLSA', '', NULL, NULL, 'Earth', 12.75, 17.00, 0.00, 10.00, '1.00', 56, 0, 1, 0),
('DECORACION PRESTIGE FLOR GIRASOL BOLSA', '', NULL, NULL, 'Earth', 12.75, 17.00, 0.00, 10.00, '1.00', 57, 0, 1, 0),
('DECORACION PRESTIGE FLOR FOMY BOLSA', '', NULL, NULL, 'Earth', 12.75, 17.00, 0.00, 10.00, '1.00', 58, 0, 1, 0),
('DECORACION PRESTIGE FLOR CA?A BOLSA', '', NULL, NULL, 'Earth', 12.75, 17.00, 0.00, 10.00, '1.00', 59, 0, 1, 0),
('DECORACION PRESTIGE ESTRELLA METAL BOLSA', 'Belleza', NULL, NULL, 'Earth', 19.13, 25.50, 0.00, 10.00, '1.00', 60, 0, 1, 0),
('DULCIA TONICA AHA 1 NATURAL 250ML', '', NULL, '3.47463E+12', 'Earth', 106.50, 142.00, 0.00, 10.00, '1.00', 61, 0, 1, 0),
('DULCIA TONICA AHA 0 CABELLOS NATURALES Y RESISTENTES', '', NULL, '7.50102E+12', 'Earth', 106.50, 142.00, 0.00, 8.00, '1.00', 62, 0, 1, 0),
('DUE FACCETTA MASSIMO   300ML', '', NULL, '990929', 'Earth', 204.75, 273.00, 0.00, 10.00, '1.00', 63, 0, 1, 0),
('DUE FACCETTA LUNGA DURATA   300ML', '', NULL, '990936', 'Earth', 204.75, 273.00, 0.00, 10.00, '1.00', 64, 0, 1, 0),
('DOSIFICADOR P/ACETONA GRANDE DE PLASTICO, DESPACHADOR', '', NULL, '97829', 'Earth', 33.75, 45.00, 0.00, 10.00, '1.00', 65, 0, 1, 0),
('dosificador p/acetona de plastico, despachador', '', NULL, '7.50196E+12', 'Earth', 22.50, 30.00, 0.00, 10.00, '1.00', 66, 0, 1, 0),
('DOSIFICADOR P/ACETONA CHICO DE PLASTICO, DESPACHADOR', '', NULL, '98402', 'Earth', 22.50, 30.00, 0.00, 10.00, '1.00', 67, 0, 1, 0),
('DISOLVENTE P/EXT. PESTA', '', NULL, '98338', 'Earth', 41.25, 55.00, 0.00, 10.00, '1.00', 68, 0, 1, 0),
('DISOLVENTE P/EXT. CABELLO J. DENIS REMOVEDOR', '', NULL, '98111', 'Earth', 24.00, 32.00, 0.00, 10.00, '1.00', 69, 0, 1, 0),
('DIFUSOR P/SECADORA UNIVERSAL TANYS', '', NULL, '7.50176E+12', 'Earth', 57.38, 76.50, 0.00, 10.00, '1.00', 70, 0, 1, 0),
('DESRIZAL ESTUCHE COMPLETO PARA 1 A 2 DES', '', NULL, '7.90202E+11', 'Earth', 118.50, 158.00, 0.00, 10.00, '1.00', 71, 0, 1, 0),
('DEDOS PARA PRACTICA (PIEZA)', '', NULL, '97828', 'Earth', 6.00, 8.00, 0.00, 10.00, '1.00', 72, 0, 1, 0),
('DECORACION VIRGENCITAS', '', NULL, '98005', 'Earth', 9.75, 13.00, 0.00, 10.00, '1.00', 73, 0, 1, 0),
('DECORACION SEMILLA COLORES BOLSITA', '', NULL, '98091', 'Earth', 9.00, 12.00, 0.00, 10.00, '1.00', 74, 0, 1, 0),
('DECORACION PUNTA DE CERILLO P/U?AS (PAQUETE) CINDYNAIL', '', NULL, NULL, 'Earth', 10.20, 13.60, 0.00, 10.00, '1.00', 75, 0, 1, 0),
('DECORACION PRESTIGE PLUMAS BOLSA', '', NULL, NULL, 'Earth', 12.75, 17.00, 0.00, 10.00, '1.00', 76, 0, 1, 0),
('DECORACION PRESTIGE PIEL VIBORA BOLSA', '', NULL, NULL, 'Earth', 19.13, 25.50, 0.00, 10.00, '1.00', 77, 0, 1, 0),
('DECORACION PRESTIGE PIEDRA HOLOGRAMA BOLSA', '', NULL, NULL, 'Earth', 12.75, 17.00, 0.00, 10.00, '1.00', 78, 0, 1, 0),
('DECORACION PRESTIGE PIEDRA DOMO BOLSA', '', NULL, NULL, 'Earth', 19.13, 25.50, 0.00, 10.00, '1.00', 79, 0, 1, 0),
('DECORACION PRESTIGE PIEDRA C/100 BOLSA', '', NULL, NULL, 'Earth', 12.75, 17.00, 0.00, 10.00, '1.00', 80, 0, 1, 0),
('DECORACION PRESTIGE PETALOS BOLSA', '', NULL, NULL, 'Earth', 12.75, 17.00, 0.00, 10.00, '1.00', 81, 0, 1, 0),
('DECORACION PRESTIGE PAPEL PAJA BOLSA', '', NULL, NULL, 'Earth', 12.75, 17.00, 0.00, 10.00, '1.00', 82, 0, 1, 0),
('DECORACION PRESTIGE PAPEL IRIDISENTE BOLSA', '', NULL, NULL, 'Earth', 12.75, 17.00, 0.00, 10.00, '1.00', 83, 0, 1, 0),
('DECORACION PRESTIGE LOGOS CALCOMANIA BOLSA SIMBOLOS HILDA', '', NULL, NULL, 'Earth', 12.75, 17.00, 0.00, 10.00, '1.00', 84, 0, 1, 0),
('DECORACION PRESTIGE HOJA ORO BOLSA', '', NULL, NULL, 'Earth', 12.75, 17.00, 0.00, 10.00, '1.00', 85, 0, 1, 0),
('DECORACION PRESTIGE HILO INDU BOLSA', '', NULL, NULL, 'Earth', 12.75, 17.00, 0.00, 10.00, '1.00', 86, 0, 1, 0),
('DECORACION PRESTIGE FLOR METAL BOLSA', '', NULL, NULL, 'Earth', 12.75, 17.00, 0.00, 10.00, '1.00', 87, 0, 1, 0),
('DECORACION PRESTIGE FLOR MARGARITA BOLSA', '', NULL, 'PG01', 'Earth', 12.75, 17.00, 0.00, 10.00, '1.00', 88, 0, 1, 0),
('DECORACION PRESTIGE FLOR GIRASOL BOLSA', '', NULL, NULL, 'Earth', 12.75, 17.00, 0.00, 10.00, '1.00', 89, 0, 1, 0),
('DECORACION PRESTIGE FLOR FOMY BOLSA', '', NULL, NULL, 'Earth', 12.75, 17.00, 0.00, 10.00, '1.00', 90, 0, 1, 0),
('DECORACION PRESTIGE FLOR CA?A BOLSA', '', NULL, NULL, 'Earth', 12.75, 17.00, 0.00, 10.00, '1.00', 91, 0, 1, 0),
('DECORACION PRESTIGE ESTRELLA METAL BOLSA', 'Belleza', NULL, NULL, 'Earth', 19.13, 25.50, 0.00, 10.00, '1.00', 92, 0, 1, 0),
('kljhlkj', 'lkj', NULL, 'kjhjk', '', 10.00, 10.00, 0.00, 1879.00, '10.00', 93, 0, 1, 0),
('SHORT TATUAJE 08 T9', 'CHORES', NULL, 'STA08T9', '', 85.00, 149.00, 0.00, 717.00, '1.00', 94, 0, 1, 0),
('SHORT TATUAJE 08 T7', 'CHORES', NULL, 'STA08T7', '', 85.00, 149.00, 0.00, 18.00, '1.00', 95, 0, 1, 0),
('SHORT TATUAJE 08 T5', 'CHORES', NULL, 'STA08T5', '', 85.00, 149.00, 0.00, 19.00, '1.00', 96, 0, 1, 0),
('SHORT TATUAJE 08 T3', 'CHORES', NULL, 'STA08T3', '', 85.00, 149.00, 0.00, 20.00, '1.00', 97, 0, 1, 0),
('SHORT TATUAJE 08 T15', 'CHORES', NULL, 'STA08T15', '', 85.00, 149.00, 0.00, 19.00, '3.00', 98, 0, 1, 0),
('SHORT TATUAJE 08 T13', 'CHORES', NULL, 'STA08T13', '', 85.00, 149.00, 0.00, 18.00, '1.00', 99, 0, 1, 0),
('SHORT TATUAJE 08 T11', 'CHORES', NULL, 'STA08T11', '', 85.00, 149.00, 0.00, 18.00, '1.00', 100, 0, 1, 0),
('PANT. TATUAJE 047 T9', 'PANTALONES', NULL, 'PTA047T9', '', 125.00, 199.00, 0.00, 18.00, '1.00', 101, 0, 1, 0),
('PANT. TATUAJE 047 T7', 'PANTALONES', NULL, 'PTA047T7', '', 125.00, 199.00, 0.00, 18.00, '1.00', 102, 0, 1, 0),
('PANT. TATUAJE 047 T5', 'PANTALONES', NULL, 'PTA047T5', '', 125.00, 199.00, 0.00, 16.00, '1.00', 103, 0, 1, 0),
('PANT. TATUAJE 047 T3', 'PANTALONES', NULL, 'PTA047T3', '', 125.00, 199.00, 0.00, 19.00, '1.00', 104, 0, 1, 0),
('PANT. TATUAJE 047 T13', 'PANTALONES', NULL, 'PTA047T13', '', 125.00, 199.00, 0.00, 18.00, '1.00', 105, 0, 1, 0),
('PANT. TATUAJE 047 T11', 'PANTALONES', NULL, 'PTA047T11', '', 125.00, 199.00, 0.00, 17.00, '1.00', 106, 0, 1, 0),
('PANT. RIDER PETROLEO T9', 'PANTALONES', NULL, 'PRIPETT9', '', 222.00, 299.00, 0.00, 20.00, '1.00', 107, 0, 1, 0),
('PANT. RIDER PETROLEO T7', 'PANTALONES', NULL, 'PRIPETT7', '', 222.00, 299.00, 0.00, 20.00, '1.00', 108, 0, 1, 0),
('PANT. RIDER PETROLEO T5', 'PANTALONES', NULL, 'PRIPETT5', '', 222.00, 299.00, 0.00, 20.00, '1.00', 109, 0, 1, 0),
('PANT. RIDER PETROLEO T15', 'PANTALONES', NULL, 'PRIPETT15', '', 222.00, 299.00, 0.00, 20.00, '1.00', 110, 0, 1, 0),
('PANT. RIDER PETROLEO T13', 'PANTALONES', NULL, 'PRIPETT13', '', 222.00, 299.00, 0.00, 20.00, '1.00', 111, 0, 1, 0),
('PANT. RIDER PETROLEO T11', 'PANTALONES', NULL, 'PRIPETT11', '', 222.00, 299.00, 0.00, 20.00, '1.00', 112, 0, 1, 0),
('PANT. RIDER NEGRO T9', 'PANTALONES', NULL, 'PRINEGT9', '', 222.00, 299.00, 0.00, 20.00, '1.00', 113, 0, 1, 0),
('PANT. RIDER NEGRO T7', 'PANTALONES', NULL, 'PRINEGT7', '', 222.00, 299.00, 0.00, 20.00, '1.00', 114, 0, 1, 0),
('PANT. RIDER NEGRO T5', 'PANTALONES', NULL, 'PRINEGT5', '', 222.00, 299.00, 0.00, 20.00, '1.00', 115, 0, 1, 0),
('PANT. RIDER NEGRO T15', 'PANTALONES', NULL, 'PRINEGT15', '', 222.00, 299.00, 0.00, 20.00, '1.00', 116, 0, 1, 0),
('PANT. RIDER NEGRO T13', 'PANTALONES', NULL, 'PRINEGT13', '', 222.00, 299.00, 0.00, 20.00, '1.00', 117, 0, 1, 0),
('PANT. RIDER NEGRO T11', 'PANTALONES', NULL, 'PRINEGT11', '', 222.00, 299.00, 0.00, 20.00, '1.00', 118, 0, 1, 0),
('PANT. RIDER A. MEZCL. T9', 'PANTALONES', NULL, 'PRIAMET9', '', 222.00, 299.00, 0.00, 20.00, '1.00', 119, 0, 1, 0),
('PANT. RIDER A. MEZCL. T7', 'PANTALONES', NULL, 'PRIAMET7', '', 222.00, 299.00, 0.00, 20.00, '1.00', 120, 0, 1, 0),
('PANT. RIDER A. MEZCL. T5', 'PANTALONES', NULL, 'PRIAMET5', '', 222.00, 299.00, 0.00, 20.00, '1.00', 121, 0, 1, 0),
('PANT. RIDER A. MEZCL. T15', 'PANTALONES', NULL, 'PRIAMET15', '', 222.00, 299.00, 0.00, 20.00, '1.00', 122, 0, 1, 0),
('PANT. RIDER A. MEZCL. T13', 'PANTALONES', NULL, 'PRIAMET13', '', 222.00, 299.00, 0.00, 20.00, '1.00', 123, 0, 1, 0),
('PANT. RIDER A. MEZCL. T11', 'PANTALONES', NULL, 'PRIAMET11', '', 222.00, 299.00, 0.00, 20.00, '1.00', 124, 0, 1, 0),
('PANT. RIDER A. CLARO T9', 'PANTALONES', NULL, 'PRIACLT9', '', 222.00, 299.00, 0.00, 20.00, '1.00', 125, 0, 1, 0),
('PANT. RIDER A. CLARO T7', 'PANTALONES', NULL, 'PRIACLT7', '', 222.00, 299.00, 0.00, 20.00, '1.00', 126, 0, 1, 0),
('PANT. RIDER A. CLARO T5', 'PANTALONES', NULL, 'PRIACLT5', '', 222.00, 299.00, 0.00, 20.00, '1.00', 127, 0, 1, 0),
('PANT. RIDER A. CLARO T15', 'PANTALONES', NULL, 'PRIACLT15', '', 222.00, 299.00, 0.00, 20.00, '1.00', 128, 0, 1, 0),
('PANT. RIDER A. CLARO T13', 'PANTALONES', NULL, 'PRIACLT13', '', 222.00, 299.00, 0.00, 20.00, '1.00', 129, 0, 1, 0),
('PANT. RIDER A. CLARO T11', 'PANTALONES', NULL, 'PRIACLT11', '', 222.00, 299.00, 0.00, 20.00, '1.00', 130, 0, 1, 0),
('PANT. RIDER 078 T9', 'PANTALONES', NULL, 'PRI078T9', '', 222.00, 299.00, 0.00, 20.00, '1.00', 131, 0, 1, 0),
('PANT. RIDER 078 T7', 'PANTALONES', NULL, 'PRI078T7', '', 222.00, 299.00, 0.00, 20.00, '1.00', 132, 0, 1, 0),
('PANT. RIDER 078 T5', 'PANTALONES', NULL, 'PRI078T5', '', 222.00, 299.00, 0.00, 20.00, '1.00', 133, 0, 1, 0),
('PANT. RIDER 078 T15', 'PANTALONES', NULL, 'PRI078T15', '', 222.00, 299.00, 0.00, 20.00, '1.00', 134, 0, 1, 0),
('PANT. RIDER 078 T13', 'PANTALONES', NULL, 'PRI078T13', '', 222.00, 299.00, 0.00, 20.00, '1.00', 135, 0, 1, 0),
('PANT. RIDER 078 T11', 'PANTALONES', NULL, 'PRI078T11', '', 222.00, 299.00, 0.00, 20.00, '1.00', 136, 0, 1, 0),
('PANT. RIDER 077 T9', 'PANTALONES', NULL, 'PRI077T9', '', 222.00, 299.00, 0.00, 20.00, '1.00', 137, 0, 1, 0),
('PANT. RIDER 077 T7', 'PANTALONES', NULL, 'PRI077T7', '', 222.00, 299.00, 0.00, 20.00, '1.00', 138, 0, 1, 0),
('PANT. RIDER 077 T5', 'PANTALONES', NULL, 'PRI077T5', '', 222.00, 299.00, 0.00, 20.00, '1.00', 139, 0, 1, 0),
('PANT. RIDER 077 T15', 'PANTALONES', NULL, 'PRI077T15', '', 222.00, 299.00, 0.00, 20.00, '1.00', 140, 0, 1, 0),
('PANT. RIDER 077 T13', 'PANTALONES', NULL, 'PRI077T13', '', 222.00, 299.00, 0.00, 20.00, '1.00', 141, 0, 1, 0),
('PANT. RIDER 077 T11', 'PANTALONES', NULL, 'PRI077T11', '', 222.00, 299.00, 0.00, 20.00, '1.00', 142, 0, 1, 0),
('PANT. RIDER 075 T9', 'PANTALONES', NULL, 'PRI075T9', '', 222.00, 299.00, 0.00, 20.00, '1.00', 143, 0, 1, 0),
('PANT. RIDER 075 T7', 'PANTALONES', NULL, 'PRI075T7', '', 222.00, 299.00, 0.00, 20.00, '1.00', 144, 0, 1, 0),
('PANT. RIDER 075 T5', 'PANTALONES', NULL, 'PRI075T5', '', 222.00, 299.00, 0.00, 20.00, '1.00', 145, 0, 1, 0),
('PANT. RIDER 075 T15', 'PANTALONES', NULL, 'PRI075T15', '', 222.00, 299.00, 0.00, 20.00, '1.00', 146, 0, 1, 0),
('PANT. RIDER 075 T13', 'PANTALONES', NULL, 'PRI075T13', '', 222.00, 299.00, 0.00, 20.00, '1.00', 147, 0, 1, 0),
('PANT. RIDER 075 T11', 'PANTALONES', NULL, 'PRI075T11', '', 222.00, 299.00, 0.00, 20.00, '1.00', 148, 0, 1, 0),
('PANT. RIDER 074 T9', 'PANTALONES', NULL, 'PRI074T9', '', 222.00, 299.00, 0.00, 20.00, '1.00', 149, 0, 1, 0),
('PANT. RIDER 074 T7', 'PANTALONES', NULL, 'PRI074T7', '', 222.00, 299.00, 0.00, 20.00, '1.00', 150, 0, 1, 0),
('PANT. RIDER 074 T5', 'PANTALONES', NULL, 'PRI074T5', '', 222.00, 299.00, 0.00, 20.00, '1.00', 151, 0, 1, 0),
('PANT. RIDER 074 T15', 'PANTALONES', NULL, 'PRI074T15', '', 222.00, 299.00, 0.00, 20.00, '1.00', 152, 0, 1, 0),
('PANT. RIDER 074 T13', 'PANTALONES', NULL, 'PRI074T13', '', 222.00, 299.00, 0.00, 20.00, '1.00', 153, 0, 1, 0),
('PANT. RIDER 074 T11', 'PANTALONES', NULL, 'PRI074T11', '', 222.00, 299.00, 0.00, 20.00, '1.00', 154, 0, 1, 0),
('PANT. RIDER 072 T9', 'PANTALONES', NULL, 'PRI072T9', '', 222.00, 299.00, 0.00, 20.00, '1.00', 155, 0, 1, 0),
('PANT. RIDER 072 T7', 'PANTALONES', NULL, 'PRI072T7', '', 222.00, 299.00, 0.00, 20.00, '1.00', 156, 0, 1, 0),
('PANT. RIDER 072 T5', 'PANTALONES', NULL, 'PRI072T5', '', 222.00, 299.00, 0.00, 20.00, '1.00', 157, 0, 1, 0),
('PANT. RIDER 072 T15', 'PANTALONES', NULL, 'PRI072T15', '', 222.00, 299.00, 0.00, 20.00, '1.00', 158, 0, 1, 0),
('PANT. RIDER 072 T13', 'PANTALONES', NULL, 'PRI072T13', '', 222.00, 299.00, 0.00, 20.00, '1.00', 159, 0, 1, 0),
('PANT. RIDER 072 T11', 'PANTALONES', NULL, 'PRI072T11', '', 222.00, 299.00, 0.00, 20.00, '1.00', 160, 0, 1, 0),
('PANT. RIDER 071 T9', 'PANTALONES', NULL, 'PRI071T9', '', 222.00, 299.00, 0.00, 20.00, '1.00', 161, 0, 1, 0),
('PANT. RIDER 071 T7', 'PANTALONES', NULL, 'PRI071T7', '', 222.00, 299.00, 0.00, 20.00, '1.00', 162, 0, 1, 0),
('PANT. RIDER 071 T5', 'PANTALONES', NULL, 'PRI071T5', '', 222.00, 299.00, 0.00, 20.00, '1.00', 163, 0, 1, 0),
('PANT. RIDER 071 T15', 'PANTALONES', NULL, 'PRI071T15', '', 222.00, 299.00, 0.00, 20.00, '1.00', 164, 0, 1, 0),
('PANT. RIDER 071 T13', 'PANTALONES', NULL, 'PRI071T13', '', 222.00, 299.00, 0.00, 20.00, '1.00', 165, 0, 1, 0),
('PANT. RIDER 071 T11', 'PANTALONES', NULL, 'PRI071T11', '', 222.00, 299.00, 0.00, 20.00, '1.00', 166, 0, 1, 0),
('PANT. RIDER 070 T9', 'PANTALONES', NULL, 'PRI070T9', '', 222.00, 299.00, 0.00, 20.00, '1.00', 167, 0, 1, 0),
('PANT. RIDER 070 T7', 'PANTALONES', NULL, 'PRI070T7', '', 222.00, 299.00, 0.00, 20.00, '1.00', 168, 0, 1, 0),
('PANT. RIDER 070 T5', 'PANTALONES', NULL, 'PRI070T5', '', 222.00, 299.00, 0.00, 20.00, '1.00', 169, 0, 1, 0),
('PANT. RIDER 070 T15', 'PANTALONES', NULL, 'PRI070T15', '', 222.00, 299.00, 0.00, 20.00, '1.00', 170, 0, 1, 0),
('PANT. RIDER 070 T13', 'PANTALONES', NULL, 'PRI070T13', '', 222.00, 299.00, 0.00, 20.00, '1.00', 171, 0, 1, 0),
('PANT. RIDER 070 T11', 'PANTALONES', NULL, 'PRI070T11', '', 222.00, 299.00, 0.00, 20.00, '1.00', 172, 0, 1, 0),
('PANT. RIDER 069 T9', 'PANTALONES', NULL, 'PRI069T9', '', 222.00, 299.00, 0.00, 20.00, '1.00', 173, 0, 1, 0),
('PANT. RIDER 069 T7', 'PANTALONES', NULL, 'PRI069T7', '', 222.00, 299.00, 0.00, 20.00, '1.00', 174, 0, 1, 0),
('PANT. RIDER 069 T5', 'PANTALONES', NULL, 'PRI069T5', '', 222.00, 299.00, 0.00, 20.00, '1.00', 175, 0, 1, 0),
('PANT. RIDER 069 T15', 'PANTALONES', NULL, 'PRI069T15', '', 222.00, 299.00, 0.00, 20.00, '1.00', 176, 0, 1, 0),
('PANT. RIDER 069 T13', 'PANTALONES', NULL, 'PRI069T13', '', 222.00, 299.00, 0.00, 20.00, '1.00', 177, 0, 1, 0),
('PANT. RIDER 069 T11', 'PANTALONES', NULL, 'PRI069T11', '', 222.00, 299.00, 0.00, 20.00, '1.00', 178, 0, 1, 0),
('PANT. RIDER 068 T9', 'PANTALONES', NULL, 'PRI068T9', '', 222.00, 299.00, 0.00, 20.00, '1.00', 179, 0, 1, 0),
('PANT. RIDER 068 T7', 'PANTALONES', NULL, 'PRI068T7', '', 222.00, 299.00, 0.00, 20.00, '1.00', 180, 0, 1, 0),
('PANT. RIDER 068 T5', 'PANTALONES', NULL, 'PRI068T5', '', 222.00, 299.00, 0.00, 20.00, '1.00', 181, 0, 1, 0),
('PANT. RIDER 068 T15', 'PANTALONES', NULL, 'PRI068T15', '', 222.00, 299.00, 0.00, 20.00, '1.00', 182, 0, 1, 0),
('PANT. RIDER 068 T13', 'PANTALONES', NULL, 'PRI068T13', '', 222.00, 299.00, 0.00, 20.00, '1.00', 183, 0, 1, 0),
('PANT. RIDER 068 T11', 'PANTALONES', NULL, 'PRI068T11', '', 222.00, 299.00, 0.00, 20.00, '1.00', 184, 0, 1, 0),
('PANT. RIDER 067 T9', 'PANTALONES', NULL, 'PRI067T9', '', 222.00, 299.00, 0.00, 20.00, '1.00', 185, 0, 1, 0),
('PANT. RIDER 067 T7', 'PANTALONES', NULL, 'PRI067T7', '', 222.00, 299.00, 0.00, 20.00, '1.00', 186, 0, 1, 0),
('PANT. RIDER 067 T5', 'PANTALONES', NULL, 'PRI067T5', '', 222.00, 299.00, 0.00, 20.00, '1.00', 187, 0, 1, 0),
('PANT. RIDER 067 T15', 'PANTALONES', NULL, 'PRI067T15', '', 222.00, 299.00, 0.00, 20.00, '1.00', 188, 0, 1, 0),
('PANT. RIDER 067 T13', 'PANTALONES', NULL, 'PRI067T13', '', 222.00, 299.00, 0.00, 20.00, '1.00', 189, 0, 1, 0),
('PANT. RIDER 067 T11', 'PANTALONES', NULL, 'PRI067T11', '', 222.00, 299.00, 0.00, 20.00, '1.00', 190, 0, 1, 0),
('PANT. RIDER 062 T9', 'PANTALONES', NULL, 'PRI062T9', '', 222.00, 299.00, 0.00, 20.00, '1.00', 191, 0, 1, 0),
('PANT. RIDER 062 T7', 'PANTALONES', NULL, 'PRI062T7', '', 222.00, 299.00, 0.00, 20.00, '1.00', 192, 0, 1, 0),
('PANT. RIDER 062 T5', 'PANTALONES', NULL, 'PRI062T5', '', 222.00, 299.00, 0.00, 20.00, '1.00', 193, 0, 1, 0),
('PANT. RIDER 062 T15', 'PANTALONES', NULL, 'PRI062T15', '', 222.00, 299.00, 0.00, 20.00, '1.00', 194, 0, 1, 0),
('PANT. RIDER 062 T13', 'PANTALONES', NULL, 'PRI062T13', '', 222.00, 299.00, 0.00, 20.00, '1.00', 195, 0, 1, 0),
('PANT. RIDER 062 T11', 'PANTALONES', NULL, 'PRI062T11', '', 222.00, 299.00, 0.00, 20.00, '1.00', 196, 0, 1, 0),
('PANT. RIDER 060 T9', 'PANTALONES', NULL, 'PRI060T9', '', 222.00, 299.00, 0.00, 20.00, '1.00', 197, 0, 1, 0),
('PANT. RIDER 060 T7', 'PANTALONES', NULL, 'PRI060T7', '', 222.00, 299.00, 0.00, 20.00, '1.00', 198, 0, 1, 0),
('PANT. RIDER 060 T5', 'PANTALONES', NULL, 'PRI060T5', '', 222.00, 299.00, 0.00, 20.00, '1.00', 199, 0, 1, 0),
('PANT. RIDER 060 T15', 'PANTALONES', NULL, 'PRI060T15', '', 222.00, 299.00, 0.00, 20.00, '1.00', 200, 0, 1, 0),
('PANT. RIDER 060 T13', 'PANTALONES', NULL, 'PRI060T13', '', 222.00, 299.00, 0.00, 20.00, '1.00', 201, 0, 1, 0),
('PANT. RIDER 060 T11', 'PANTALONES', NULL, 'PRI060T11', '', 222.00, 299.00, 0.00, 20.00, '1.00', 202, 0, 1, 0),
('PANT. RIDER 058 T9', 'PANTALONES', NULL, 'PRI058T9', '', 222.00, 299.00, 0.00, 20.00, '1.00', 203, 0, 1, 0),
('PANT. RIDER 058 T7', 'PANTALONES', NULL, 'PRI058T7', '', 222.00, 299.00, 0.00, 20.00, '1.00', 204, 0, 1, 0),
('PANT. RIDER 058 T5', 'PANTALONES', NULL, 'PRI058T5', '', 222.00, 299.00, 0.00, 20.00, '1.00', 205, 0, 1, 0),
('PANT. RIDER 058 T15', 'PANTALONES', NULL, 'PRI058T15', '', 222.00, 299.00, 0.00, 20.00, '1.00', 206, 0, 1, 0),
('PANT. RIDER 058 T13', 'PANTALONES', NULL, 'PRI058T13', '', 222.00, 299.00, 0.00, 20.00, '1.00', 207, 0, 1, 0),
('PANT. RIDER 058 T11', 'PANTALONES', NULL, 'PRI058T11', '', 222.00, 299.00, 0.00, 20.00, '1.00', 208, 0, 1, 0),
('PANT. RIDER 057 T9', 'PANTALONES', NULL, 'PRI057T9', '', 222.00, 299.00, 0.00, 20.00, '1.00', 209, 0, 1, 0),
('PANT. RIDER 057 T7', 'PANTALONES', NULL, 'PRI057T7', '', 222.00, 299.00, 0.00, 20.00, '1.00', 210, 0, 1, 0),
('PANT. RIDER 057 T5', 'PANTALONES', NULL, 'PRI057T5', '', 222.00, 299.00, 0.00, 20.00, '1.00', 211, 0, 1, 0),
('PANT. RIDER 057 T15', 'PANTALONES', NULL, 'PRI057T15', '', 222.00, 299.00, 0.00, 20.00, '1.00', 212, 0, 1, 0),
('PANT. RIDER 057 T13', 'PANTALONES', NULL, 'PRI057T13', '', 222.00, 299.00, 0.00, 20.00, '1.00', 213, 0, 1, 0),
('PANT. RIDER 057 T11', 'PANTALONES', NULL, 'PRI057T11', '', 222.00, 299.00, 0.00, 20.00, '1.00', 214, 0, 1, 0),
('PANT. RIDER 056 T9', 'PANTALONES', NULL, 'PRI056T9', '', 222.00, 299.00, 0.00, 20.00, '1.00', 215, 0, 1, 0),
('PANT. RIDER 056 T7', 'PANTALONES', NULL, 'PRI056T7', '', 222.00, 299.00, 0.00, 20.00, '1.00', 216, 0, 1, 0),
('PANT. RIDER 056 T5', 'PANTALONES', NULL, 'PRI056T5', '', 222.00, 299.00, 0.00, 20.00, '1.00', 217, 0, 1, 0),
('PANT. RIDER 056 T15', 'PANTALONES', NULL, 'PRI056T15', '', 222.00, 299.00, 0.00, 20.00, '1.00', 218, 0, 1, 0),
('PANT. RIDER 056 T13', 'PANTALONES', NULL, 'PRI056T13', '', 222.00, 299.00, 0.00, 20.00, '1.00', 219, 0, 1, 0),
('PANT. RIDER 056 T11', 'PANTALONES', NULL, 'PRI056T11', '', 222.00, 299.00, 0.00, 20.00, '1.00', 220, 0, 1, 0),
('PANT. RIDER 055 T9', 'PANTALONES', NULL, 'PRI055T9', '', 222.00, 299.00, 0.00, 20.00, '1.00', 221, 0, 1, 0),
('PANT. RIDER 055 T7', 'PANTALONES', NULL, 'PRI055T7', '', 222.00, 299.00, 0.00, 20.00, '1.00', 222, 0, 1, 0),
('PANT. RIDER 055 T5', 'PANTALONES', NULL, 'PRI055T5', '', 222.00, 299.00, 0.00, 20.00, '1.00', 223, 0, 1, 0),
('PANT. RIDER 055 T15', 'PANTALONES', NULL, 'PRI055T15', '', 222.00, 299.00, 0.00, 20.00, '1.00', 224, 0, 1, 0),
('PANT. RIDER 055 T15', 'PANTALONES', NULL, 'PRI055T13', '', 222.00, 299.00, 0.00, 20.00, '1.00', 225, 0, 1, 0),
('PANT. RIDER 055 T11', 'PANTALONES', NULL, 'PRI055T11', '', 222.00, 299.00, 0.00, 20.00, '1.00', 226, 0, 1, 0),
('PANT. RIDER 054 T9', 'PANTALONES', NULL, 'PRI054T9', '', 222.00, 299.00, 0.00, 20.00, '1.00', 227, 0, 1, 0),
('PANT. RIDER 054 T7', 'PANTALONES', NULL, 'PRI054T7', '', 222.00, 299.00, 0.00, 20.00, '1.00', 228, 0, 1, 0),
('PANT. RIDER 054 T5', 'PANTALONES', NULL, 'PRI054T5', '', 222.00, 299.00, 0.00, 20.00, '1.00', 229, 0, 1, 0),
('PANT. RIDER 054 T15', 'PANTALONES', NULL, 'PRI054T15', '', 222.00, 299.00, 0.00, 20.00, '1.00', 230, 0, 1, 0),
('PANT. RIDER 054 T13', 'PANTALONES', NULL, 'PRI054T13', '', 222.00, 299.00, 0.00, 20.00, '1.00', 231, 0, 1, 0),
('PANT. RIDER 054 T11', 'PANTALONES', NULL, 'PRI054T11', '', 222.00, 299.00, 0.00, 20.00, '1.00', 232, 0, 1, 0),
('PANT. RIDER 053 T9', 'PANTALONES', NULL, 'PRI053T9', '', 222.00, 299.00, 0.00, 20.00, '1.00', 233, 0, 1, 0),
('PANT. RIDER 053 T7', 'PANTALONES', NULL, 'PRI053T7', '', 222.00, 299.00, 0.00, 20.00, '1.00', 234, 0, 1, 0),
('PANT. RIDER 053 T5', 'PANTALONES', NULL, 'PRI053T5', '', 222.00, 299.00, 0.00, 20.00, '1.00', 235, 0, 1, 0),
('PANT. RIDER 053 T15', 'PANTALONES', NULL, 'PRI053T15', '', 222.00, 299.00, 0.00, 20.00, '1.00', 236, 0, 1, 0),
('PANT. RIDER 053 T13', 'PANTALONES', NULL, 'PRI053T13', '', 222.00, 299.00, 0.00, 20.00, '1.00', 237, 0, 1, 0),
('PANT. RIDER 053 T11', 'PANTALONES', NULL, 'PRI053T11', '', 222.00, 299.00, 0.00, 20.00, '1.00', 238, 0, 1, 0),
('PANT. RIDER 052 T9', 'PANTALONES', NULL, 'PRI052T9', '', 222.00, 299.00, 0.00, 20.00, '1.00', 239, 0, 1, 0),
('PANT. RIDER 052 T7', 'PANTALONES', NULL, 'PRI052T7', '', 222.00, 299.00, 0.00, 20.00, '1.00', 240, 0, 1, 0),
('PANT. RIDER 052 T5', 'PANTALONES', NULL, 'PRI052T5', '', 222.00, 299.00, 0.00, 20.00, '1.00', 241, 0, 1, 0),
('PANT. RIDER 052 T15', 'PANTALONES', NULL, 'PRI052T15', '', 222.00, 299.00, 0.00, 20.00, '1.00', 242, 0, 1, 0),
('PANT. RIDER 052 T13', 'PANTALONES', NULL, 'PRI052T13', '', 222.00, 299.00, 0.00, 20.00, '1.00', 243, 0, 1, 0),
('PANT. RIDER 052 T11', 'PANTALONES', NULL, 'PRI052T11', '', 222.00, 299.00, 0.00, 20.00, '1.00', 244, 0, 1, 0),
('PANT. RIDER 051 T9', 'PANTALONES', NULL, 'PRI051T9', '', 222.00, 299.00, 0.00, 20.00, '1.00', 245, 0, 1, 0),
('PANT. RIDER 051 T7', 'PANTALONES', NULL, 'PRI051T7', '', 222.00, 299.00, 0.00, 20.00, '1.00', 246, 0, 1, 0),
('PANT. RIDER 051 T5', 'PANTALONES', NULL, 'PRI051T5', '', 222.00, 299.00, 0.00, 20.00, '1.00', 247, 0, 1, 0),
('PANT. RIDER 051 T15', 'PANTALONES', NULL, 'PRI051T15', '', 222.00, 299.00, 0.00, 20.00, '1.00', 248, 0, 1, 0),
('PANT. RIDER 051 T13', 'PANTALONES', NULL, 'PRI051T13', '', 222.00, 299.00, 0.00, 20.00, '1.00', 249, 0, 1, 0),
('PANT. RIDER 051 T11', 'PANTALONES', NULL, 'PRI051T11', '', 222.00, 299.00, 0.00, 20.00, '1.00', 250, 0, 1, 0),
('PANT. RIDER 050 T9', 'PANTALONES', NULL, 'PRI050T9', '', 222.00, 299.00, 0.00, 20.00, '1.00', 251, 0, 1, 0),
('PANT. RIDER 050 T7', 'PANTALONES', NULL, 'PRI050T7', '', 222.00, 299.00, 0.00, 20.00, '1.00', 252, 0, 1, 0),
('PANT. RIDER 050 T5', 'PANTALONES', NULL, 'PRI050T5', '', 222.00, 299.00, 0.00, 20.00, '1.00', 253, 0, 1, 0),
('PANT. RIDER 050 T15', 'PANTALONES', NULL, 'PRI050T15', '', 222.00, 299.00, 0.00, 20.00, '1.00', 254, 0, 1, 0),
('PANT. RIDER 050 T13', 'PANTALONES', NULL, 'PRI050T13', '', 222.00, 299.00, 0.00, 20.00, '1.00', 255, 0, 1, 0),
('PANT. RIDER 050 T11', 'PANTALONES', NULL, 'PRI050T11', '', 222.00, 299.00, 0.00, 20.00, '1.00', 256, 0, 1, 0),
('PANT. RIDER 049 T9', 'PANTALONES', NULL, 'PRI049T9', '', 222.00, 299.00, 0.00, 20.00, '1.00', 257, 0, 1, 0),
('PANT. RIDER 049 T7', 'PANTALONES', NULL, 'PRI049T7', '', 222.00, 299.00, 0.00, 20.00, '1.00', 258, 0, 1, 0),
('PANT. RIDER 049 T5', 'PANTALONES', NULL, 'PRI049T5', '', 222.00, 299.00, 0.00, 20.00, '1.00', 259, 0, 1, 0),
('PANT. RIDER 049 T15', 'PANTALONES', NULL, 'PRI049T15', '', 222.00, 299.00, 0.00, 20.00, '1.00', 260, 0, 1, 0),
('PANT. RIDER 049 T13', 'PANTALONES', NULL, 'PRI049T13', '', 222.00, 299.00, 0.00, 20.00, '1.00', 261, 0, 1, 0),
('PANT. RIDER 049 T11', 'PANTALONES', NULL, 'PRI049T11', '', 222.00, 299.00, 0.00, 20.00, '1.00', 262, 0, 1, 0),
('PANT. RIDER 048 T9', 'PANTALONES', NULL, 'PRI048T9', '', 222.00, 299.00, 0.00, 20.00, '1.00', 263, 0, 1, 0),
('PANT. RIDER 048 T7', 'PANTALONES', NULL, 'PRI048T7', '', 222.00, 299.00, 0.00, 20.00, '1.00', 264, 0, 1, 0),
('PANT. RIDER 048 T5', 'PANTALONES', NULL, 'PRI048T5', '', 222.00, 299.00, 0.00, 20.00, '1.00', 265, 0, 1, 0),
('PANT. RIDER 048 T15', 'PANTALONES', NULL, 'PRI048T15', '', 222.00, 299.00, 0.00, 20.00, '1.00', 266, 0, 1, 0),
('PANT. RIDER 048 T13', 'PANTALONES', NULL, 'PRI048T13', '', 222.00, 299.00, 0.00, 20.00, '1.00', 267, 0, 1, 0),
('PANT. RIDER 048 T11', 'PANTALONES', NULL, 'PRI048T11', '', 222.00, 299.00, 0.00, 20.00, '1.00', 268, 0, 1, 0),
('PANT. RIDER 046 T9', 'PANTALONES', NULL, 'PRI046T9', '', 222.00, 299.00, 0.00, 20.00, '1.00', 269, 0, 1, 0),
('PANT. RIDER 046 T7', 'PANTALONES', NULL, 'PRI046T7', '', 222.00, 299.00, 0.00, 20.00, '1.00', 270, 0, 1, 0),
('PANT. RIDER 046 T5', 'PANTALONES', NULL, 'PRI046T5', '', 222.00, 299.00, 0.00, 20.00, '1.00', 271, 0, 1, 0),
('PANT. RIDER 046 T15', 'PANTALONES', NULL, 'PRI046T15', '', 222.00, 299.00, 0.00, 20.00, '1.00', 272, 0, 1, 0),
('PANT. RIDER 046 T13', 'PANTALONES', NULL, 'PRI046T13', '', 222.00, 299.00, 0.00, 20.00, '1.00', 273, 0, 1, 0),
('PANT. RIDER 046 T11', 'PANTALONES', NULL, 'PRI046T11', '', 222.00, 299.00, 0.00, 20.00, '1.00', 274, 0, 1, 0),
('PANT. RIDER 045 T9', 'PANTALONES', NULL, 'PRI045T9', '', 222.00, 299.00, 0.00, 20.00, '1.00', 275, 0, 1, 0),
('PANT. RIDER 045 T7', 'PANTALONES', NULL, 'PRI045T7', '', 222.00, 299.00, 0.00, 20.00, '1.00', 276, 0, 1, 0),
('PANT. RIDER 045 T5', 'PANTALONES', NULL, 'PRI045T5', '', 222.00, 299.00, 0.00, 20.00, '1.00', 277, 0, 1, 0),
('PANT. RIDER 045 T15', 'PANTALONES', NULL, 'PRI045T15', '', 222.00, 299.00, 0.00, 20.00, '1.00', 278, 0, 1, 0),
('PANT. RIDER 045 T13', 'PANTALONES', NULL, 'PRI045T13', '', 222.00, 299.00, 0.00, 20.00, '1.00', 279, 0, 1, 0),
('PANT. RIDER 045 T11', 'PANTALONES', NULL, 'PRI045T11', '', 222.00, 299.00, 0.00, 20.00, '1.00', 280, 0, 1, 0),
('PANT. RIDER 044 T9', 'PANTALONES', NULL, 'PRI044T9', '', 222.00, 299.00, 0.00, 20.00, '1.00', 281, 0, 1, 0),
('PANT. RIDER 044 T7', 'PANTALONES', NULL, 'PRI044T7', '', 222.00, 299.00, 0.00, 20.00, '1.00', 282, 0, 1, 0),
('PANT. RIDER 044 T5', 'PANTALONES', NULL, 'PRI044T5', '', 222.00, 299.00, 0.00, 20.00, '1.00', 283, 0, 1, 0),
('PANT. RIDER 044 T15', 'PANTALONES', NULL, 'PRI044T15', '', 222.00, 299.00, 0.00, 20.00, '1.00', 284, 0, 1, 0),
('PANT. RIDER 044 T13', 'PANTALONES', NULL, 'PRI044T13', '', 222.00, 299.00, 0.00, 20.00, '1.00', 285, 0, 1, 0),
('PANT. RIDER 044 T11', 'PANTALONES', NULL, 'PRI044T11', '', 222.00, 299.00, 0.00, 20.00, '1.00', 286, 0, 1, 0),
('PANT. RIDER 043 T9', 'PANTALONES', NULL, 'PRI043T9', '', 222.00, 299.00, 0.00, 20.00, '1.00', 287, 0, 1, 0),
('PANT. RIDER 043 T7', 'PANTALONES', NULL, 'PRI043T7', '', 222.00, 299.00, 0.00, 20.00, '1.00', 288, 0, 1, 0),
('PANT. RIDER 043 T5', 'PANTALONES', NULL, 'PRI043T5', '', 222.00, 299.00, 0.00, 20.00, '1.00', 289, 0, 1, 0),
('PANT. RIDER 043 T15', 'PANTALONES', NULL, 'PRI043T15', '', 222.00, 299.00, 0.00, 20.00, '1.00', 290, 0, 1, 0),
('PANT. RIDER 043 T13', 'PANTALONES', NULL, 'PRI043T13', '', 222.00, 299.00, 0.00, 20.00, '1.00', 291, 0, 1, 0),
('PANT. RIDER 043 T11', 'PANTALONES', NULL, 'PRI043T11', '', 222.00, 299.00, 0.00, 20.00, '1.00', 292, 0, 1, 0),
('PANT. RIDER 042 T9', 'PANTALONES', NULL, 'PRI042T9', '', 222.00, 299.00, 0.00, 20.00, '1.00', 293, 0, 1, 0),
('PANT. RIDER 042 T7', 'PANTALONES', NULL, 'PRI042T7', '', 222.00, 299.00, 0.00, 20.00, '1.00', 294, 0, 1, 0),
('PANT. RIDER 042 T5', 'PANTALONES', NULL, 'PRI042T5', '', 222.00, 299.00, 0.00, 20.00, '1.00', 295, 0, 1, 0),
('PANT. RIDER 042 T15', 'PANTALONES', NULL, 'PRI042T15', '', 222.00, 299.00, 0.00, 20.00, '1.00', 296, 0, 1, 0),
('PANT. RIDER 042 T13', 'PANTALONES', NULL, 'PRI042T13', '', 222.00, 299.00, 0.00, 20.00, '1.00', 297, 0, 1, 0),
('PANT. RIDER 042 T11', 'PANTALONES', NULL, 'PRI042T11', '', 222.00, 299.00, 0.00, 20.00, '1.00', 298, 0, 1, 0),
('PANT. RIDER 041 T9', 'PANTALONES', NULL, 'PRI041T9', '', 222.00, 299.00, 0.00, 20.00, '1.00', 299, 0, 1, 0),
('PANT. RIDER 041 T7', 'PANTALONES', NULL, 'PRI041T7', '', 222.00, 299.00, 0.00, 20.00, '1.00', 300, 0, 1, 0),
('PANT. RIDER 041 T5', 'PANTALONES', NULL, 'PRI041T5', '', 222.00, 299.00, 0.00, 20.00, '1.00', 301, 0, 1, 0),
('PANT. RIDER 041 T15', 'PANTALONES', NULL, 'PRI041T15', '', 222.00, 299.00, 0.00, 20.00, '1.00', 302, 0, 1, 0),
('PANT. RIDER 041 T13', 'PANTALONES', NULL, 'PRI041T13', '', 222.00, 299.00, 0.00, 20.00, '1.00', 303, 0, 1, 0),
('PANT. RIDER 041 T11', 'PANTALONES', NULL, 'PRI041T11', '', 222.00, 299.00, 0.00, 20.00, '1.00', 304, 0, 1, 0),
('PANT. RIDER 040 T9', 'PANTALONES', NULL, 'PRI040T9', '', 222.00, 299.00, 0.00, 20.00, '1.00', 305, 0, 1, 0),
('PANT. RIDER 040 T7', 'PANTALONES', NULL, 'PRI040T7', '', 222.00, 299.00, 0.00, 20.00, '1.00', 306, 0, 1, 0),
('PANT. RIDER 040 T5', 'PANTALONES', NULL, 'PRI040T5', '', 222.00, 299.00, 0.00, 20.00, '1.00', 307, 0, 1, 0),
('PANT. RIDER 040 T15', 'PANTALONES', NULL, 'PRI040T15', '', 222.00, 299.00, 0.00, 20.00, '1.00', 308, 0, 1, 0),
('PANT. RIDER 040 T13', 'PANTALONES', NULL, 'PRI040T13', '', 222.00, 299.00, 0.00, 20.00, '1.00', 309, 0, 1, 0),
('PANT. RIDER 040 T11', 'PANTALONES', NULL, 'PRI040T11', '', 222.00, 299.00, 0.00, 20.00, '1.00', 310, 0, 1, 0),
('PANT. RIDER 039 T9', 'PANTALONES', NULL, 'PRI039T9', '', 222.00, 299.00, 0.00, 20.00, '1.00', 311, 0, 1, 0),
('PANT. RIDER 039 T7', 'PANTALONES', NULL, 'PRI039T7', '', 222.00, 299.00, 0.00, 20.00, '1.00', 312, 0, 1, 0),
('PANT. RIDER 039 T5', 'PANTALONES', NULL, 'PRI039T5', '', 222.00, 299.00, 0.00, 20.00, '1.00', 313, 0, 1, 0),
('PANT. RIDER 039 T15', 'PANTALONES', NULL, 'PRI039T15', '', 222.00, 299.00, 0.00, 20.00, '1.00', 314, 0, 1, 0),
('PANT. RIDER 039 T13', 'PANTALONES', NULL, 'PRI039T13', '', 222.00, 299.00, 0.00, 20.00, '1.00', 315, 0, 1, 0),
('PANT. RIDER 039 T11', 'PANTALONES', NULL, 'PRI039T11', '', 222.00, 299.00, 0.00, 20.00, '1.00', 316, 0, 1, 0),
('PANT. RIDER 038 T9', 'PANTALONES', NULL, 'PRI038T9', '', 222.00, 299.00, 0.00, 20.00, '1.00', 317, 0, 1, 0),
('PANT. RIDER 038 T7', 'PANTALONES', NULL, 'PRI038T7', '', 222.00, 299.00, 0.00, 20.00, '1.00', 318, 0, 1, 0),
('PANT. RIDER 038 T5', 'PANTALONES', NULL, 'PRI038T5', '', 222.00, 299.00, 0.00, 20.00, '1.00', 319, 0, 1, 0),
('PANT. RIDER 038 T15', 'PANTALONES', NULL, 'PRI038T15', '', 222.00, 299.00, 0.00, 20.00, '1.00', 320, 0, 1, 0),
('PANT. RIDER 038 T13', 'PANTALONES', NULL, 'PRI038T13', '', 222.00, 299.00, 0.00, 20.00, '1.00', 321, 0, 1, 0),
('PANT. RIDER 038 T11', 'PANTALONES', NULL, 'PRI038T11', '', 222.00, 299.00, 0.00, 20.00, '1.00', 322, 0, 1, 0),
('PANT. RIDER 037 T9', 'PANTALONES', NULL, 'PRI037T9', '', 222.00, 299.00, 0.00, 20.00, '1.00', 323, 0, 1, 0),
('PANT. RIDER 037 T7', 'PANTALONES', NULL, 'PRI037T7', '', 222.00, 299.00, 0.00, 20.00, '1.00', 324, 0, 1, 0),
('PANT. RIDER 037 T5', 'PANTALONES', NULL, 'PRI037T5', '', 222.00, 299.00, 0.00, 20.00, '1.00', 325, 0, 1, 0),
('PANT. RIDER 037 T15', 'PANTALONES', NULL, 'PRI037T15', '', 222.00, 299.00, 0.00, 20.00, '1.00', 326, 0, 1, 0),
('PANT. RIDER 037 T13', 'PANTALONES', NULL, 'PRI037T13', '', 222.00, 299.00, 0.00, 20.00, '1.00', 327, 0, 1, 0),
('PANT. RIDER 037 T11', 'PANTALONES', NULL, 'PRI037T11', '', 222.00, 299.00, 0.00, 20.00, '1.00', 328, 0, 1, 0),
('PANT. RIDER 036 T9', 'PANTALONES', NULL, 'PRI036T9', '', 222.00, 299.00, 0.00, 20.00, '1.00', 329, 0, 1, 0),
('PANT. RIDER 036 T7', 'PANTALONES', NULL, 'PRI036T7', '', 222.00, 299.00, 0.00, 20.00, '1.00', 330, 0, 1, 0),
('PANT. RIDER 036 T5', 'PANTALONES', NULL, 'PRI036T5', '', 222.00, 299.00, 0.00, 20.00, '1.00', 331, 0, 1, 0),
('PANT. RIDER 036 T15', 'PANTALONES', NULL, 'PRI036T15', '', 222.00, 299.00, 0.00, 20.00, '1.00', 332, 0, 1, 0),
('PANT. RIDER 036 T13', 'PANTALONES', NULL, 'PRI036T13', '', 222.00, 299.00, 0.00, 20.00, '1.00', 333, 0, 1, 0),
('PANT. RIDER 036 T11', 'PANTALONES', NULL, 'PRI036T11', '', 222.00, 299.00, 0.00, 20.00, '1.00', 334, 0, 1, 0),
('PANT. RIDER 035 T9', 'PANTALONES', NULL, 'PRI035T9', '', 222.00, 299.00, 0.00, 20.00, '1.00', 335, 0, 1, 0),
('PANT. RIDER 035 T7', 'PANTALONES', NULL, 'PRI035T7', '', 222.00, 299.00, 0.00, 20.00, '1.00', 336, 0, 1, 0),
('PANT. RIDER 035 T5', 'PANTALONES', NULL, 'PRI035T5', '', 222.00, 299.00, 0.00, 20.00, '1.00', 337, 0, 1, 0),
('PANT. RIDER 035 T15', 'PANTALONES', NULL, 'PRI035T15', '', 222.00, 299.00, 0.00, 20.00, '1.00', 338, 0, 1, 0),
('PANT. RIDER 035 T13', 'PANTALONES', NULL, 'PRI035T13', '', 222.00, 299.00, 0.00, 20.00, '1.00', 339, 0, 1, 0),
('PANT. RIDER 035 T11', 'PANTALONES', NULL, 'PRI035T11', '', 222.00, 299.00, 0.00, 20.00, '1.00', 340, 0, 1, 0),
('PANT. RIDER 034 T9', 'PANTALONES', NULL, 'PRI034T9', '', 222.00, 299.00, 0.00, 20.00, '1.00', 341, 0, 1, 0),
('PANT. RIDER 034 T7', 'PANTALONES', NULL, 'PRI034T7', '', 222.00, 299.00, 0.00, 20.00, '1.00', 342, 0, 1, 0),
('PANT. RIDER 034 T5', 'PANTALONES', NULL, 'PRI034T5', '', 222.00, 299.00, 0.00, 20.00, '1.00', 343, 0, 1, 0),
('PANT. RIDER 034 T15', 'PANTALONES', NULL, 'PRI034T15', '', 222.00, 299.00, 0.00, 20.00, '1.00', 344, 0, 1, 0),
('PANT. RIDER 034 T13', 'PANTALONES', NULL, 'PRI034T13', '', 222.00, 299.00, 0.00, 20.00, '1.00', 345, 0, 1, 0),
('PANT. RIDER 034 T11', 'PANTALONES', NULL, 'PRI034T11', '', 222.00, 299.00, 0.00, 20.00, '1.00', 346, 0, 1, 0),
('PANT. RIDER 033 T9', 'PANTALONES', NULL, 'PRI033T9', '', 222.00, 299.00, 0.00, 20.00, '1.00', 347, 0, 1, 0),
('PANT. RIDER 033 T7', 'PANTALONES', NULL, 'PRI033T7', '', 222.00, 299.00, 0.00, 20.00, '1.00', 348, 0, 1, 0),
('PANT. RIDER 033 T5', 'PANTALONES', NULL, 'PRI033T5', '', 222.00, 299.00, 0.00, 20.00, '1.00', 349, 0, 1, 0),
('PANT. RIDER 033 T15', 'PANTALONES', NULL, 'PRI033T15', '', 222.00, 299.00, 0.00, 20.00, '1.00', 350, 0, 1, 0),
('PANT. RIDER 033 T13', 'PANTALONES', NULL, 'PRI033T13', '', 222.00, 299.00, 0.00, 20.00, '1.00', 351, 0, 1, 0),
('PANT. RIDER 033 T11', 'PANTALONES', NULL, 'PRI033T11', '', 222.00, 299.00, 0.00, 20.00, '1.00', 352, 0, 1, 0),
('PANT. RIDER 032 T9', 'PANTALONES', NULL, 'PRI032T9', '', 222.00, 299.00, 0.00, 20.00, '1.00', 353, 0, 1, 0),
('PANT. RIDER 032 T7', 'PANTALONES', NULL, 'PRI032T7', '', 222.00, 299.00, 0.00, 20.00, '1.00', 354, 0, 1, 0),
('PANT. RIDER 032 T5', 'PANTALONES', NULL, 'PRI032T5', '', 222.00, 299.00, 0.00, 20.00, '1.00', 355, 0, 1, 0),
('PANT. RIDER 032 T15', 'PANTALONES', NULL, 'PRI032T15', '', 222.00, 299.00, 0.00, 20.00, '1.00', 356, 0, 1, 0),
('PANT. RIDER 032 T13', 'PANTALONES', NULL, 'PRI032T13', '', 222.00, 299.00, 0.00, 20.00, '1.00', 357, 0, 1, 0),
('PANT. RIDER 032 T11', 'PANTALONES', NULL, 'PRI032T11', '', 222.00, 299.00, 0.00, 20.00, '1.00', 358, 0, 1, 0),
('PANT. RIDER 031 T9', 'PANTALONES', NULL, 'PRI031T9', '', 222.00, 299.00, 0.00, 20.00, '1.00', 359, 0, 1, 0),
('PANT. RIDER 031 T7', 'PANTALONES', NULL, 'PRI031T7', '', 222.00, 299.00, 0.00, 20.00, '1.00', 360, 0, 1, 0),
('PANT. RIDER 031 T5', 'PANTALONES', NULL, 'PRI031T5', '', 222.00, 299.00, 0.00, 20.00, '1.00', 361, 0, 1, 0),
('PANT. RIDER 031 T15', 'PANTALONES', NULL, 'PRI031T15', '', 222.00, 299.00, 0.00, 20.00, '1.00', 362, 0, 1, 0),
('PANT. RIDER 031 T13', 'PANTALONES', NULL, 'PRI031T13', '', 222.00, 299.00, 0.00, 20.00, '1.00', 363, 0, 1, 0),
('PANT. RIDER 031 T11', 'PANTALONES', NULL, 'PRI031T11', '', 222.00, 299.00, 0.00, 20.00, '1.00', 364, 0, 1, 0),
('PANT. RIDER 030 T9', 'PANTALONES', NULL, 'PRI030T9', '', 222.00, 299.00, 0.00, 20.00, '1.00', 365, 0, 1, 0),
('PANT. RIDER 030 T7', 'PANTALONES', NULL, 'PRI030T7', '', 222.00, 299.00, 0.00, 20.00, '1.00', 366, 0, 1, 0),
('PANT. RIDER 030 T5', 'PANTALONES', NULL, 'PRI030T5', '', 222.00, 299.00, 0.00, 20.00, '1.00', 367, 0, 1, 0),
('PANT. RIDER 030 T15', 'PANTALONES', NULL, 'PRI030T15', '', 222.00, 299.00, 0.00, 20.00, '1.00', 368, 0, 1, 0),
('PANT. RIDER 030 T13', 'PANTALONES', NULL, 'PRI030T13', '', 222.00, 299.00, 0.00, 20.00, '1.00', 369, 0, 1, 0),
('PANT. RIDER 030 T11', 'PANTALONES', NULL, 'PRI030T11', '', 222.00, 299.00, 0.00, 20.00, '1.00', 370, 0, 1, 0),
('PANT. RIDER 029 T9', 'PANTALONES', NULL, 'PRI029T9', '', 222.00, 299.00, 0.00, 20.00, '1.00', 371, 0, 1, 0),
('PANT. RIDER 029 T7', 'PANTALONES', NULL, 'PRI029T7', '', 222.00, 299.00, 0.00, 20.00, '1.00', 372, 0, 1, 0),
('PANT. RIDER 029 T5', 'PANTALONES', NULL, 'PRI029T5', '', 222.00, 299.00, 0.00, 20.00, '1.00', 373, 0, 1, 0),
('PANT. RIDER 029 T15', 'PANTALONES', NULL, 'PRI029T15', '', 222.00, 299.00, 0.00, 20.00, '1.00', 374, 0, 1, 0),
('PANT. RIDER 029 T13', 'PANTALONES', NULL, 'PRI029T13', '', 222.00, 299.00, 0.00, 20.00, '1.00', 375, 0, 1, 0),
('PANT. RIDER 029 T11', 'PANTALONES', NULL, 'PRI029T11', '', 222.00, 299.00, 0.00, 20.00, '1.00', 376, 0, 1, 0),
('PANT. RIDER 028 T9', 'PANTALONES', NULL, 'PRI028T9', '', 222.00, 299.00, 0.00, 20.00, '1.00', 377, 0, 1, 0),
('PANT. RIDER 028 T7', 'PANTALONES', NULL, 'PRI028T7', '', 222.00, 299.00, 0.00, 20.00, '1.00', 378, 0, 1, 0),
('PANT. RIDER 028 T5', 'PANTALONES', NULL, 'PRI028T5', '', 222.00, 299.00, 0.00, 20.00, '1.00', 379, 0, 1, 0),
('PANT. RIDER 028 T15', 'PANTALONES', NULL, 'PRI028T15', '', 222.00, 299.00, 0.00, 20.00, '1.00', 380, 0, 1, 0),
('PANT. RIDER 028 T13', 'PANTALONES', NULL, 'PRI028T13', '', 222.00, 299.00, 0.00, 20.00, '1.00', 381, 0, 1, 0),
('PANT. RIDER 028 T11', 'PANTALONES', NULL, 'PRI028T11', '', 222.00, 299.00, 0.00, 20.00, '1.00', 382, 0, 1, 0),
('PANT. RIDER 027 T9', 'PANTALONES', NULL, 'PRI027T9', '', 222.00, 299.00, 0.00, 20.00, '1.00', 383, 0, 1, 0),
('PANT. RIDER 027 T7', 'PANTALONES', NULL, 'PRI027T7', '', 222.00, 299.00, 0.00, 20.00, '1.00', 384, 0, 1, 0),
('PANT. RIDER 027 T5', 'PANTALONES', NULL, 'PRI027T5', '', 222.00, 299.00, 0.00, 20.00, '1.00', 385, 0, 1, 0),
('PANT. RIDER 027 T15', 'PANTALONES', NULL, 'PRI027T15', '', 222.00, 299.00, 0.00, 20.00, '1.00', 386, 0, 1, 0),
('PANT. RIDER 027 T13', 'PANTALONES', NULL, 'PRI027T13', '', 222.00, 299.00, 0.00, 20.00, '1.00', 387, 0, 1, 0),
('PANT. RIDER 027 T11', 'PANTALONES', NULL, 'PRI027T11', '', 222.00, 299.00, 0.00, 20.00, '1.00', 388, 0, 1, 0),
('PANT. RIDER 026 T9', 'PANTALONES', NULL, 'PRI026T9', '', 222.00, 299.00, 0.00, 20.00, '1.00', 389, 0, 1, 0),
('PANT. RIDER 026 T7', 'PANTALONES', NULL, 'PRI026T7', '', 222.00, 299.00, 0.00, 20.00, '1.00', 390, 0, 1, 0),
('PANT. RIDER 026 T5', 'PANTALONES', NULL, 'PRI026T5', '', 222.00, 299.00, 0.00, 20.00, '1.00', 391, 0, 1, 0),
('PANT. RIDER 026 T15', 'PANTALONES', NULL, 'PRI026T15', '', 222.00, 299.00, 0.00, 20.00, '1.00', 392, 0, 1, 0),
('PANT. RIDER 026 T13', 'PANTALONES', NULL, 'PRI026T13', '', 222.00, 299.00, 0.00, 20.00, '1.00', 393, 0, 1, 0),
('PANT. RIDER 026 T11', 'PANTALONES', NULL, 'PRI026T11', '', 222.00, 299.00, 0.00, 20.00, '1.00', 394, 0, 1, 0),
('PANT. RIDER 025 T9', 'PANTALONES', NULL, 'PRI025T9', '', 222.00, 299.00, 0.00, 20.00, '1.00', 395, 0, 1, 0),
('PANT. RIDER 025 T7', 'PANTALONES', NULL, 'PRI025T7', '', 222.00, 299.00, 0.00, 20.00, '1.00', 396, 0, 1, 0),
('PANT. RIDER 025 T5', 'PANTALONES', NULL, 'PRI025T5', '', 222.00, 299.00, 0.00, 20.00, '1.00', 397, 0, 1, 0),
('PANT. RIDER 025 T15', 'PANTALONES', NULL, 'PRI025T15', '', 222.00, 299.00, 0.00, 20.00, '1.00', 398, 0, 1, 0),
('PANT. RIDER 025 T13', 'PANTALONES', NULL, 'PRI025T13', '', 222.00, 299.00, 0.00, 20.00, '1.00', 399, 0, 1, 0),
('PANT. RIDER 025 T11', 'PANTALONES', NULL, 'PRI025T11', '', 222.00, 299.00, 0.00, 20.00, '1.00', 400, 0, 1, 0),
('PANT. RIDER 024 T9', 'PANTALONES', NULL, 'PRI024T9', '', 222.00, 299.00, 0.00, 20.00, '1.00', 401, 0, 1, 0),
('PANT. RIDER 024 T7', 'PANTALONES', NULL, 'PRI024T7', '', 222.00, 299.00, 0.00, 20.00, '1.00', 402, 0, 1, 0),
('PANT. RIDER 024 T5', 'PANTALONES', NULL, 'PRI024T5', '', 222.00, 299.00, 0.00, 20.00, '1.00', 403, 0, 1, 0),
('PANT. RIDER 024 T15', 'PANTALONES', NULL, 'PRI024T15', '', 222.00, 299.00, 0.00, 20.00, '1.00', 404, 0, 1, 0),
('PANT. RIDER 024 T13', 'PANTALONES', NULL, 'PRI024T13', '', 222.00, 299.00, 0.00, 20.00, '1.00', 405, 0, 1, 0),
('PANT. RIDER 024 T11', 'PANTALONES', NULL, 'PRI024T11', '', 222.00, 299.00, 0.00, 20.00, '1.00', 406, 0, 1, 0),
('PANT. RIDER 023 T9', 'PANTALONES', NULL, 'PRI023T9', '', 222.00, 299.00, 0.00, 20.00, '1.00', 407, 0, 1, 0),
('PANT. RIDER 023 T7', 'PANTALONES', NULL, 'PRI023T7', '', 222.00, 299.00, 0.00, 20.00, '1.00', 408, 0, 1, 0),
('PANT. RIDER 023 T5', 'PANTALONES', NULL, 'PRI023T5', '', 222.00, 299.00, 0.00, 20.00, '1.00', 409, 0, 1, 0),
('PANT. RIDER 023 T15', 'PANTALONES', NULL, 'PRI023T15', '', 222.00, 299.00, 0.00, 20.00, '1.00', 410, 0, 1, 0),
('PANT. RIDER 023 T13', 'PANTALONES', NULL, 'PRI023T13', '', 222.00, 299.00, 0.00, 20.00, '1.00', 411, 0, 1, 0),
('PANT. RIDER 023 T11', 'PANTALONES', NULL, 'PRI023T11', '', 222.00, 299.00, 0.00, 20.00, '1.00', 412, 0, 1, 0),
('PANT. RIDER 022 T9', 'PANTALONES', NULL, 'PRI022T9', '', 222.00, 299.00, 0.00, 20.00, '1.00', 413, 0, 1, 0),
('PANT. RIDER 022 T7', 'PANTALONES', NULL, 'PRI022T7', '', 222.00, 299.00, 0.00, 20.00, '1.00', 414, 0, 1, 0),
('PANT. RIDER 022 T5', 'PANTALONES', NULL, 'PRI022T5', '', 222.00, 299.00, 0.00, 20.00, '1.00', 415, 0, 1, 0),
('PANT. RIDER 022 T15', 'PANTALONES', NULL, 'PRI022T15', '', 222.00, 299.00, 0.00, 20.00, '1.00', 416, 0, 1, 0),
('PANT. RIDER 022 T13', 'PANTALONES', NULL, 'PRI022T13', '', 222.00, 299.00, 0.00, 20.00, '1.00', 417, 0, 1, 0),
('PANT. RIDER 022 T11', 'PANTALONES', NULL, 'PRI022T11', '', 222.00, 299.00, 0.00, 20.00, '1.00', 418, 0, 1, 0),
('PANT. RIDER 021 T9', 'PANTALONES', NULL, 'PRI021T9', '', 222.00, 299.00, 0.00, 20.00, '1.00', 419, 0, 1, 0),
('PANT. RIDER 021 T7', 'PANTALONES', NULL, 'PRI021T7', '', 222.00, 299.00, 0.00, 20.00, '1.00', 420, 0, 1, 0),
('PANT. RIDER 021 T5', 'PANTALONES', NULL, 'PRI021T5', '', 222.00, 299.00, 0.00, 20.00, '1.00', 421, 0, 1, 0),
('PANT. RIDER 021 T15', 'PANTALONES', NULL, 'PRI021T15', '', 222.00, 299.00, 0.00, 20.00, '1.00', 422, 0, 1, 0),
('PANT. RIDER 021 T13', 'PANTALONES', NULL, 'PRI021T13', '', 222.00, 299.00, 0.00, 20.00, '1.00', 423, 0, 1, 0),
('PANT. RIDER 021 T11', 'PANTALONES', NULL, 'PRI021T11', '', 222.00, 299.00, 0.00, 20.00, '1.00', 424, 0, 1, 0),
('PANT. RIDER 020 T9', 'PANTALONES', NULL, 'PRI020T9', '', 222.00, 299.00, 0.00, 20.00, '1.00', 425, 0, 1, 0),
('PANT. RIDER 020 T7', 'PANTALONES', NULL, 'PRI020T7', '', 222.00, 299.00, 0.00, 20.00, '1.00', 426, 0, 1, 0),
('PANT. RIDER 020 T5', 'PANTALONES', NULL, 'PRI020T5', '', 222.00, 299.00, 0.00, 20.00, '1.00', 427, 0, 1, 0),
('PANT. RIDER 020 T15', 'PANTALONES', NULL, 'PRI020T15', '', 222.00, 299.00, 0.00, 20.00, '1.00', 428, 0, 1, 0),
('PANT. RIDER 020 T13', 'PANTALONES', NULL, 'PRI020T13', '', 222.00, 299.00, 0.00, 20.00, '1.00', 429, 0, 1, 0),
('PANT. RIDER 020 T11', 'PANTALONES', NULL, 'PRI020T11', '', 222.00, 299.00, 0.00, 20.00, '1.00', 430, 0, 1, 0),
('PANT. RIDER 019 T9', 'PANTALONES', NULL, 'PRI019T9', '', 222.00, 299.00, 0.00, 20.00, '1.00', 431, 0, 1, 0),
('PANT. RIDER 019 T7', 'PANTALONES', NULL, 'PRI019T7', '', 222.00, 299.00, 0.00, 20.00, '1.00', 432, 0, 1, 0),
('PANT. RIDER 019 T5', 'PANTALONES', NULL, 'PRI019T5', '', 222.00, 299.00, 0.00, 20.00, '1.00', 433, 0, 1, 0),
('PANT. RIDER 019 T15', 'PANTALONES', NULL, 'PRI019T15', '', 222.00, 299.00, 0.00, 20.00, '1.00', 434, 0, 1, 0),
('PANT. RIDER 019 T13', 'PANTALONES', NULL, 'PRI019T13', '', 222.00, 299.00, 0.00, 20.00, '1.00', 435, 0, 1, 0),
('PANT. RIDER 019 T11', 'PANTALONES', NULL, 'PRI019T11', '', 222.00, 299.00, 0.00, 20.00, '1.00', 436, 0, 1, 0),
('PANT. RIDER 018 T9', 'PANTALONES', NULL, 'PRI018T9', '', 222.00, 299.00, 0.00, 20.00, '1.00', 437, 0, 1, 0),
('PANT. RIDER 018 T7', 'PANTALONES', NULL, 'PRI018T7', '', 222.00, 299.00, 0.00, 20.00, '1.00', 438, 0, 1, 0),
('PANT. RIDER 018 T5', 'PANTALONES', NULL, 'PRI018T5', '', 222.00, 299.00, 0.00, 20.00, '1.00', 439, 0, 1, 0),
('PANT. RIDER 018 T15', 'PANTALONES', NULL, 'PRI018T15', '', 222.00, 299.00, 0.00, 20.00, '1.00', 440, 0, 1, 0),
('PANT. RIDER 018 T13', 'PANTALONES', NULL, 'PRI018T13', '', 222.00, 299.00, 0.00, 20.00, '1.00', 441, 0, 1, 0),
('PANT. RIDER 018 T11', 'PANTALONES', NULL, 'PRI018T11', '', 222.00, 299.00, 0.00, 20.00, '1.00', 442, 0, 1, 0),
('PANT. RIDER 017 T9', 'PANTALONES', NULL, 'PRI017T9', '', 222.00, 299.00, 0.00, 20.00, '1.00', 443, 0, 1, 0),
('PANT. RIDER 017 T7', 'PANTALONES', NULL, 'PRI017T7', '', 222.00, 299.00, 0.00, 20.00, '1.00', 444, 0, 1, 0),
('PANT. RIDER 017 T5', 'PANTALONES', NULL, 'PRI017T5', '', 222.00, 299.00, 0.00, 20.00, '1.00', 445, 0, 1, 0),
('PANT. RIDER 017 T15', 'PANTALONES', NULL, 'PRI017T15', '', 222.00, 299.00, 0.00, 20.00, '1.00', 446, 0, 1, 0),
('PANT. RIDER 017 T13', 'PANTALONES', NULL, 'PRI017T13', '', 222.00, 299.00, 0.00, 20.00, '1.00', 447, 0, 1, 0),
('PANT. RIDER 017 T11', 'PANTALONES', NULL, 'PRI017T11', '', 222.00, 299.00, 0.00, 20.00, '1.00', 448, 0, 1, 0),
('PANT. RIDER 016 T9', 'PANTALONES', NULL, 'PRI016T9', '', 222.00, 299.00, 0.00, 20.00, '1.00', 449, 0, 1, 0),
('PANT. RIDER 016 T7', 'PANTALONES', NULL, 'PRI016T7', '', 222.00, 299.00, 0.00, 20.00, '1.00', 450, 0, 1, 0),
('PANT. RIDER 016 T5', 'PANTALONES', NULL, 'PRI016T5', '', 222.00, 299.00, 0.00, 20.00, '1.00', 451, 0, 1, 0),
('PANT. RIDER 016 T15', 'PANTALONES', NULL, 'PRI016T15', '', 222.00, 299.00, 0.00, 20.00, '1.00', 452, 0, 1, 0),
('PANT. RIDER 016 T13', 'PANTALONES', NULL, 'PRI016T13', '', 222.00, 299.00, 0.00, 20.00, '1.00', 453, 0, 1, 0),
('PANT. RIDER 016 11T', 'PANTALONES', NULL, 'PRI016T11', '', 222.00, 299.00, 0.00, 20.00, '1.00', 454, 0, 1, 0),
('PANT. RIDER 015 T9', 'PANTALONES', NULL, 'PRI015T9', '', 222.00, 299.00, 0.00, 20.00, '1.00', 455, 0, 1, 0),
('PANT. RIDER 015 T7', 'PANTALONES', NULL, 'PRI015T7', '', 222.00, 299.00, 0.00, 20.00, '1.00', 456, 0, 1, 0),
('PANT. RIDER 015 T5', 'PANTALONES', NULL, 'PRI015T5', '', 222.00, 299.00, 0.00, 20.00, '1.00', 457, 0, 1, 0),
('PANT. RIDER 015 T15', 'PANTALONES', NULL, 'PRI015T15', '', 222.00, 299.00, 0.00, 20.00, '1.00', 458, 0, 1, 0),
('PANT. RIDER 015 T13', 'PANTALONES', NULL, 'PRI015T13', '', 222.00, 299.00, 0.00, 20.00, '1.00', 459, 0, 1, 0),
('PANT. RIDER 015 T11', 'PANTALONES', NULL, 'PRI015T11', '', 222.00, 299.00, 0.00, 20.00, '1.00', 460, 0, 1, 0),
('PANT. RIDER 014 T9', 'PANTALONES', NULL, 'PRI014T9', '', 222.00, 299.00, 0.00, 20.00, '1.00', 461, 0, 1, 0),
('PANT. RIDER 014 T7', 'PANTALONES', NULL, 'PRI014T7', '', 222.00, 299.00, 0.00, 20.00, '1.00', 462, 0, 1, 0),
('PANT. RIDER 014 T5', 'PANTALONES', NULL, 'PRI014T5', '', 222.00, 299.00, 0.00, 20.00, '1.00', 463, 0, 1, 0),
('PANT. RIDER 014 T15', 'PANTALONES', NULL, 'PRI014T15', '', 222.00, 299.00, 0.00, 20.00, '1.00', 464, 0, 1, 0),
('PANT. RIDER 014 T13', 'PANTALONES', NULL, 'PRI014T13', '', 222.00, 299.00, 0.00, 20.00, '1.00', 465, 0, 1, 0),
('PANT. RIDER 014 T11', 'PANTALONES', NULL, 'PRI014T11', '', 222.00, 299.00, 0.00, 20.00, '1.00', 466, 0, 1, 0),
('PANT. RIDER 013 T9', 'PANTALONES', NULL, 'PRI013T9', '', 222.00, 299.00, 0.00, 20.00, '1.00', 467, 0, 1, 0),
('PANT. RIDER 013 T7', 'PANTALONES', NULL, 'PRI013T7', '', 222.00, 299.00, 0.00, 20.00, '1.00', 468, 0, 1, 0),
('PANT. RIDER 013 T5', 'PANTALONES', NULL, 'PRI013T5', '', 222.00, 299.00, 0.00, 20.00, '1.00', 469, 0, 1, 0),
('PANT. RIDER 013 T15', 'PANTALONES', NULL, 'PRI013T15', '', 222.00, 299.00, 0.00, 20.00, '1.00', 470, 0, 1, 0),
('PANT. RIDER 013 T13', 'PANTALONES', NULL, 'PRI013T13', '', 222.00, 299.00, 0.00, 20.00, '1.00', 471, 0, 1, 0),
('PANT. RIDER 013 T11', 'PANTALONES', NULL, 'PRI013T11', '', 222.00, 299.00, 0.00, 20.00, '1.00', 472, 0, 1, 0),
('PANT. RIDER 012 T79', 'PANTALONES', NULL, 'PRI012T9', '', 222.00, 299.00, 0.00, 20.00, '1.00', 473, 0, 1, 0),
('PANT. RIDER 012 T7', 'PANTALONES', NULL, 'PRI012T7', '', 222.00, 299.00, 0.00, 20.00, '1.00', 474, 0, 1, 0),
('PANT. RIDER 012 T5', 'PANTALONES', NULL, 'PRI012T5', '', 222.00, 299.00, 0.00, 20.00, '1.00', 475, 0, 1, 0),
('PANT. RIDER 012 T15', 'PANTALONES', NULL, 'PRI012T15', '', 222.00, 299.00, 0.00, 20.00, '1.00', 476, 0, 1, 0),
('PANT. RIDER 012 T13', 'PANTALONES', NULL, 'PRI012T13', '', 222.00, 299.00, 0.00, 20.00, '1.00', 477, 0, 1, 0),
('PANT. RIDER 012 T11', 'PANTALONES', NULL, 'PRI012T11', '', 222.00, 299.00, 0.00, 20.00, '1.00', 478, 0, 1, 0),
('PANT. RIDER 011 T9', 'PANTALONES', NULL, 'PRI011T9', '', 222.00, 299.00, 0.00, 20.00, '1.00', 479, 0, 1, 0),
('PANT. RIDER 011 T7', 'PANTALONES', NULL, 'PRI011T7', '', 222.00, 299.00, 0.00, 20.00, '1.00', 480, 0, 1, 0),
('PANT. RIDER 011 T5', 'PANTALONES', NULL, 'PRI011T5', '', 222.00, 299.00, 0.00, 20.00, '1.00', 481, 0, 1, 0),
('PANT. RIDER 011 T15', 'PANTALONES', NULL, 'PRI011T15', '', 222.00, 299.00, 0.00, 20.00, '1.00', 482, 0, 1, 0),
('PANT. RIDER 011 T13', 'PANTALONES', NULL, 'PRI011T13', '', 222.00, 299.00, 0.00, 20.00, '1.00', 483, 0, 1, 0),
('PANT. RIDER 011 T11', 'PANTALONES', NULL, 'PRI011T11', '', 222.00, 299.00, 0.00, 20.00, '1.00', 484, 0, 1, 0),
('PANT. RIDER 010 T9', 'PANTALONES', NULL, 'PRI010T9', '', 222.00, 299.00, 0.00, 20.00, '1.00', 485, 0, 1, 0),
('PANT. RIDER 010 T7', 'PANTALONES', NULL, 'PRI010T7', '', 222.00, 299.00, 0.00, 20.00, '1.00', 486, 0, 1, 0),
('PANT. RIDER 010 T5', 'PANTALONES', NULL, 'PRI010T5', '', 222.00, 299.00, 0.00, 19.00, '1.00', 487, 0, 1, 0),
('PANT. RIDER 010 T15', 'PANTALONES', NULL, 'PRI010T15', '', 222.00, 299.00, 0.00, 20.00, '1.00', 488, 0, 1, 0),
('PANT. RIDER 010 T13', 'PANTALONES', NULL, 'PRI010T13', '', 222.00, 299.00, 0.00, 20.00, '1.00', 489, 0, 1, 0),
('PANT. RIDER 010 T11', 'PANTALONES', NULL, 'PRI010T11', '', 222.00, 299.00, 0.00, 20.00, '1.00', 490, 0, 1, 0),
('PANT. RIDER 009 T9', 'PANTALONES', NULL, 'PRI009T9', '', 222.00, 299.00, 0.00, 20.00, '1.00', 491, 0, 1, 0),
('PANT. RIDER 009 T7', 'PANTALONES', NULL, 'PRI009T7', '', 222.00, 299.00, 0.00, 20.00, '1.00', 492, 0, 1, 0),
('PANT. RIDER 009 T5', 'PANTALONES', NULL, 'PRI009T5', '', 222.00, 299.00, 0.00, 20.00, '1.00', 493, 0, 1, 0),
('PANT. RIDER 009 T15', 'PANTALONES', NULL, 'PRI009T15', '', 222.00, 299.00, 0.00, 20.00, '1.00', 494, 0, 1, 0),
('PANT. RIDER 009 T13', 'PANTALONES', NULL, 'PRI009T13', '', 222.00, 299.00, 0.00, 20.00, '1.00', 495, 0, 1, 0),
('PANT. RIDER 009 T11', 'PANTALONES', NULL, 'PRI009T11', '', 222.00, 299.00, 0.00, 20.00, '1.00', 496, 0, 1, 0),
('PANT. RIDER 008 T9', 'PANTALONES', NULL, 'PRI008T9', '', 222.00, 299.00, 0.00, 20.00, '1.00', 497, 0, 1, 0),
('PANT. RIDER 008 T7', 'PANTALONES', NULL, 'PRI008T7', '', 222.00, 299.00, 0.00, 20.00, '1.00', 498, 0, 1, 0),
('PANT. RIDER 008 T5', 'PANTALONES', NULL, 'PRI008T5', '', 222.00, 299.00, 0.00, 20.00, '1.00', 499, 0, 1, 0),
('PANT. RIDER 008 T15', 'PANTALONES', NULL, 'PRI008T15', '', 222.00, 299.00, 0.00, 20.00, '1.00', 500, 0, 1, 0),
('PANT. RIDER 008 T13', 'PANTALONES', NULL, 'PRI008T13', '', 222.00, 299.00, 0.00, 20.00, '1.00', 501, 0, 1, 0),
('PANT. RIDER 008 T11', 'PANTALONES', NULL, 'PRI008T11', '', 222.00, 299.00, 0.00, 20.00, '1.00', 502, 0, 1, 0),
('PANT. RIDER 007 T9', 'PANTALONES', NULL, 'PRI007T9', '', 222.00, 299.00, 0.00, 20.00, '1.00', 503, 0, 1, 0),
('PANT. RIDER 007 T7', 'PANTALONES', NULL, 'PRI007T7', '', 222.00, 299.00, 0.00, 20.00, '1.00', 504, 0, 1, 0),
('PANT. RIDER 007 T5', 'PANTALONES', NULL, 'PRI007T5', '', 222.00, 299.00, 0.00, 20.00, '1.00', 505, 0, 1, 0),
('PANT. RIDER 007 T15', 'PANTALONES', NULL, 'PRI007T15', '', 222.00, 299.00, 0.00, 20.00, '1.00', 506, 0, 1, 0),
('PANT. RIDER 007 T13', 'PANTALONES', NULL, 'PRI007T13', '', 222.00, 299.00, 0.00, 20.00, '1.00', 507, 0, 1, 0),
('PANT. RIDER 007 T11', 'PANTALONES', NULL, 'PRI007T11', '', 222.00, 299.00, 0.00, 20.00, '1.00', 508, 0, 1, 0),
('PANT. RIDER 006 T9', 'PANTALONES', NULL, 'PRI006T9', '', 222.00, 299.00, 0.00, 20.00, '1.00', 509, 0, 1, 0),
('PANT. RIDER 006 T7', 'PANTALONES', NULL, 'PRI006T7', '', 222.00, 299.00, 0.00, 20.00, '1.00', 510, 0, 1, 0),
('PANT. RIDER 006 T5', 'PANTALONES', NULL, 'PRI006T5', '', 222.00, 299.00, 0.00, 20.00, '1.00', 511, 0, 1, 0),
('PANT. RIDER 006 T15', 'PANTALONES', NULL, 'PRI006T15', '', 222.00, 299.00, 0.00, 20.00, '1.00', 512, 0, 1, 0),
('PANT. RIDER 006 T13', 'PANTALONES', NULL, 'PRI006T13', '', 222.00, 299.00, 0.00, 20.00, '1.00', 513, 0, 1, 0),
('PANT. RIDER 006 T11', 'PANTALONES', NULL, 'PRI006T11', '', 222.00, 299.00, 0.00, 20.00, '1.00', 514, 0, 1, 0),
('PANT. RIDER 005 T9', 'PANTALONES', NULL, 'PRI005T9', '', 222.00, 299.00, 0.00, 20.00, '1.00', 515, 0, 1, 0),
('PANT. RIDER 005 T7', 'PANTALONES', NULL, 'PRI005T7', '', 222.00, 299.00, 0.00, 20.00, '1.00', 516, 0, 1, 0),
('PANT. RIDER 005 T5', 'PANTALONES', NULL, 'PRI005T5', '', 222.00, 299.00, 0.00, 20.00, '1.00', 517, 0, 1, 0),
('PANT. RIDER 005 T15', 'PANTALONES', NULL, 'PRI005T15', '', 222.00, 299.00, 0.00, 20.00, '1.00', 518, 0, 1, 0),
('PANT. RIDER 005 T13', 'PANTALONES', NULL, 'PRI005T13', '', 222.00, 299.00, 0.00, 20.00, '1.00', 519, 0, 1, 0),
('PANT. RIDER 005 T11', 'PANTALONES', NULL, 'PRI005T11', '', 222.00, 299.00, 0.00, 20.00, '1.00', 520, 0, 1, 0),
('PANT. RIDER 004 T9', 'PANTALONES', NULL, 'PRI004T9', '', 222.00, 299.00, 0.00, 20.00, '1.00', 521, 0, 1, 0),
('PANT. RIDER 004 T7', 'PANTALONES', NULL, 'PRI004T7', '', 222.00, 299.00, 0.00, 20.00, '1.00', 522, 0, 1, 0),
('PANT. RIDER 004 T5', 'PANTALONES', NULL, 'PRI004T5', '', 222.00, 299.00, 0.00, 20.00, '1.00', 523, 0, 1, 0),
('PANT. RIDER 004 T15', 'PANTALONES', NULL, 'PRI004T15', '', 222.00, 299.00, 0.00, 20.00, '1.00', 524, 0, 1, 0),
('PANT. RIDER 004 T13', 'PANTALONES', NULL, 'PRI004T13', '', 222.00, 299.00, 0.00, 20.00, '1.00', 525, 0, 1, 0),
('PANT. RIDER 004 T11', 'PANTALONES', NULL, 'PRI004T11', '', 222.00, 299.00, 0.00, 20.00, '1.00', 526, 0, 1, 0),
('PANT. RIDER 003 T9', 'PANTALONES', NULL, 'PRI003T9', '', 222.00, 299.00, 0.00, 20.00, '1.00', 527, 0, 1, 0),
('PANT. RIDER 003 T7', 'PANTALONES', NULL, 'PRI003T7', '', 222.00, 299.00, 0.00, 20.00, '1.00', 528, 0, 1, 0),
('PANT. RIDER 003 T5', 'PANTALONES', NULL, 'PRI003T5', '', 222.00, 299.00, 0.00, 20.00, '1.00', 529, 0, 1, 0),
('PANT. RIDER 003 T15', 'PANTALONES', NULL, 'PRI003T15', '', 222.00, 299.00, 0.00, 20.00, '1.00', 530, 0, 1, 0),
('PANT. RIDER 003 T13', 'PANTALONES', NULL, 'PRI003T13', '', 222.00, 299.00, 0.00, 20.00, '1.00', 531, 0, 1, 0),
('PANT. RIDER 003 T11', 'PANTALONES', NULL, 'PRI003T11', '', 222.00, 299.00, 0.00, 20.00, '1.00', 532, 0, 1, 0),
('PANT. RIDER 002 T9', 'PANTALONES', NULL, 'PRI002T9', '', 222.00, 299.00, 0.00, 20.00, '1.00', 533, 0, 1, 0),
('PANT. RIDER 002 T7', 'PANTALONES', NULL, 'PRI002T7', '', 222.00, 299.00, 0.00, 20.00, '1.00', 534, 0, 1, 0),
('PANT. RIDER 002 T5', 'PANTALONES', NULL, 'PRI002T5', '', 222.00, 299.00, 0.00, 20.00, '1.00', 535, 0, 1, 0),
('PANT. RIDER 002 T15', 'PANTALONES', NULL, 'PRI002T15', '', 222.00, 299.00, 0.00, 20.00, '1.00', 536, 0, 1, 0),
('PANT. RIDER 002 T13', 'PANTALONES', NULL, 'PRI002T13', '', 222.00, 299.00, 0.00, 20.00, '1.00', 537, 0, 1, 0),
('PANT. RIDER 002 T11', 'PANTALONES', NULL, 'PRI002T11', '', 222.00, 299.00, 0.00, 20.00, '1.00', 538, 0, 1, 0),
('PANT. RIDER 001 T9', 'PANTALONES', NULL, 'PRI001T9', '', 222.00, 299.00, 0.00, 20.00, '1.00', 539, 0, 1, 0),
('PANT. RIDER 001 T7', 'PANTALONES', NULL, 'PRI001T7', '', 222.00, 299.00, 0.00, 20.00, '1.00', 540, 0, 1, 0),
('PANT. RIDER 001 T5', 'PANTALONES', NULL, 'PRI001T5', '', 222.00, 299.00, 0.00, 20.00, '1.00', 541, 0, 1, 0),
('PANT. RIDER 001 T15', 'PANTALONES', NULL, 'PRI001T15', '', 222.00, 299.00, 0.00, 20.00, '1.00', 542, 0, 1, 0),
('PANT. RIDER 001 T13', 'PANTALONES', NULL, 'PRI001T13', '', 222.00, 299.00, 0.00, 20.00, '1.00', 543, 0, 1, 0),
('PANT. RIDER 001 T11', 'PANTALONES', NULL, 'PRI001T11', '', 222.00, 299.00, 0.00, 19.00, '1.00', 544, 0, 1, 0),
('PANT. KALEXA 1311 T9', 'PANTALONES', NULL, 'PKA1311T9', '', 190.00, 299.00, 0.00, 20.00, '1.00', 545, 0, 1, 0),
('PANT. KALEXA 1311 T7', 'PANTALONES', NULL, 'PKA1311T7', '', 190.00, 299.00, 0.00, 20.00, '1.00', 546, 0, 1, 0),
('PANT. KALEXA 1311 T5', 'PANTALONES', NULL, 'PKA1311T5', '', 190.00, 299.00, 0.00, 20.00, '1.00', 547, 0, 1, 0),
('PANT. KALEXA 1311 T3', 'PANTALONES', NULL, 'PKA1311T3', '', 190.00, 299.00, 0.00, 20.00, '1.00', 548, 0, 1, 0),
('PANT. KALEXA 1311 T13', 'PANTALONES', NULL, 'PKA1311T13', '', 190.00, 299.00, 0.00, 20.00, '1.00', 549, 0, 1, 0),
('PANT. KALEXA 1311 T11', 'PANTALONES', NULL, 'PKA1311T11', '', 190.00, 299.00, 0.00, 20.00, '1.00', 550, 0, 1, 0),
('PANT. KALEXA 1310 T9', 'PANTALONES', NULL, 'PKA1310T9', '', 190.00, 299.00, 0.00, 20.00, '1.00', 551, 0, 1, 0),
('PANT. KALEXA 1310 T7', 'PANTALONES', NULL, 'PKA1310T7', '', 190.00, 299.00, 0.00, 20.00, '1.00', 552, 0, 1, 0),
('PANT. KALEXA 1310 T5', 'PANTALONES', NULL, 'PKA1310T5', '', 190.00, 299.00, 0.00, 20.00, '1.00', 553, 0, 1, 0),
('PANT. KALEXA 1310 T3', 'PANTALONES', NULL, 'PKA1310T3', '', 190.00, 299.00, 0.00, 20.00, '1.00', 554, 0, 1, 0),
('PANT. KALEXA 1310 T13', 'PANTALONES', NULL, 'PKA1310T13', '', 190.00, 299.00, 0.00, 20.00, '1.00', 555, 0, 1, 0),
('PANT. KALEXA 1310 T11', 'PANTALONES', NULL, 'PKA1310T11', '', 190.00, 299.00, 0.00, 20.00, '1.00', 556, 0, 1, 0),
('PANT. KALEXA 1309 T9', 'PANTALONES', NULL, 'PKA1309T9', '', 190.00, 299.00, 0.00, 20.00, '1.00', 557, 0, 1, 0),
('PANT. KALEXA 1309 T7', 'PANTALONES', NULL, 'PKA1309T7', '', 190.00, 299.00, 0.00, 20.00, '1.00', 558, 0, 1, 0),
('PANT. KALEXA 1309 T5', 'PANTALONES', NULL, 'PKA1309T5', '', 190.00, 299.00, 0.00, 20.00, '1.00', 559, 0, 1, 0),
('PANT. KALEXA 1309 T3', 'PANTALONES', NULL, 'PKA1309T3', '', 190.00, 299.00, 0.00, 20.00, '1.00', 560, 0, 1, 0),
('PANT. KALEXA 1309 T13', 'PANTALONES', NULL, 'PKA1309T13', '', 190.00, 299.00, 0.00, 20.00, '1.00', 561, 0, 1, 0),
('PANT. KALEXA 1309 T11', 'PANTALONES', NULL, 'PKA1309T11', '', 190.00, 299.00, 0.00, 20.00, '1.00', 562, 0, 1, 0),
('PANT. KALEXA 1308 T9', 'PANTALONES', NULL, 'PKA1308T9', '', 190.00, 299.00, 0.00, 20.00, '1.00', 563, 0, 1, 0),
('PANT. KALEXA 1308 T7', 'PANTALONES', NULL, 'PKA1308T7', '', 190.00, 299.00, 0.00, 20.00, '1.00', 564, 0, 1, 0),
('PANT. KALEXA 1308 T5', 'PANTALONES', NULL, 'PKA1308T5', '', 190.00, 299.00, 0.00, 20.00, '1.00', 565, 0, 1, 0),
('PANT. KALEXA 1308 T3', 'PANTALONES', NULL, 'PKA1308T3', '', 190.00, 299.00, 0.00, 20.00, '1.00', 566, 0, 1, 0),
('PANT. KALEXA 1308 T13', 'PANTALONES', NULL, 'PKA1308T13', '', 190.00, 299.00, 0.00, 20.00, '1.00', 567, 0, 1, 0),
('PANT. KALEXA 1308 T11', 'PANTALONES', NULL, 'PKA1308T11', '', 190.00, 299.00, 0.00, 20.00, '1.00', 568, 0, 1, 0),
('PANT. KALEXA 1307 T9', 'PANTALONES', NULL, 'PKA1307T9', '', 190.00, 299.00, 0.00, 20.00, '1.00', 569, 0, 1, 0),
('PANT. KALEXA 1307 T7', 'PANTALONES', NULL, 'PKA1307T7', '', 190.00, 299.00, 0.00, 20.00, '1.00', 570, 0, 1, 0),
('PANT. KALEXA 1307 T5', 'PANTALONES', NULL, 'PKA1307T5', '', 190.00, 299.00, 0.00, 20.00, '1.00', 571, 0, 1, 0),
('PANT. KALEXA 1307 T3', 'PANTALONES', NULL, 'PKA1307T3', '', 190.00, 299.00, 0.00, 20.00, '1.00', 572, 0, 1, 0),
('PANT. KALEXA 1307 T13', 'PANTALONES', NULL, 'PKA1307T13', '', 190.00, 299.00, 0.00, 20.00, '1.00', 573, 0, 1, 0),
('PANT. KALEXA 1307 T11', 'PANTALONES', NULL, 'PKA1307T11', '', 190.00, 299.00, 0.00, 20.00, '1.00', 574, 0, 1, 0),
('PANT. KALEXA 1306 T9', 'PANTALONES', NULL, 'PKA1306T9', '', 190.00, 299.00, 0.00, 20.00, '1.00', 575, 0, 1, 0),
('PANT. KALEXA 1306 T7', 'PANTALONES', NULL, 'PKA1306T7', '', 190.00, 299.00, 0.00, 20.00, '1.00', 576, 0, 1, 0),
('PANT. KALEXA 1306 T5', 'PANTALONES', NULL, 'PKA1306T5', '', 190.00, 299.00, 0.00, 20.00, '1.00', 577, 0, 1, 0),
('PANT. KALEXA 1306 T3', 'PANTALONES', NULL, 'PKA1306T3', '', 190.00, 299.00, 0.00, 20.00, '1.00', 578, 0, 1, 0),
('PANT. KALEXA 1306 T13', 'PANTALONES', NULL, 'PKA1306T13', '', 190.00, 299.00, 0.00, 20.00, '1.00', 579, 0, 1, 0),
('PANT. KALEXA 1306 T11', 'PANTALONES', NULL, 'PKA1306T11', '', 190.00, 299.00, 0.00, 20.00, '1.00', 580, 0, 1, 0),
('PANT. KALEXA 1305 T9', 'PANTALONES', NULL, 'PKA1305T9', '', 190.00, 299.00, 0.00, 20.00, '1.00', 581, 0, 1, 0),
('PANT. KALEXA 1305 T7', 'PANTALONES', NULL, 'PKA1305T7', '', 190.00, 299.00, 0.00, 20.00, '1.00', 582, 0, 1, 0),
('PANT. KALEXA 1305 T5', 'PANTALONES', NULL, 'PKA1305T5', '', 190.00, 299.00, 0.00, 20.00, '1.00', 583, 0, 1, 0),
('PANT. KALEXA 1305 T3', 'PANTALONES', NULL, 'PKA1305T3', '', 190.00, 299.00, 0.00, 20.00, '1.00', 584, 0, 1, 0),
('PANT. KALEXA 1305 T13', 'PANTALONES', NULL, 'PKA1305T13', '', 190.00, 299.00, 0.00, 20.00, '1.00', 585, 0, 1, 0),
('PANT. KALEXA 1305 T11', 'PANTALONES', NULL, 'PKA1305T11', '', 190.00, 299.00, 0.00, 20.00, '1.00', 586, 0, 1, 0),
('PANT. KALEXA 1304 T9', 'PANTALONES', NULL, 'PKA1304T9', '', 190.00, 299.00, 0.00, 20.00, '1.00', 587, 0, 1, 0),
('PANT. KALEXA 1304 T7', 'PANTALONES', NULL, 'PKA1304T7', '', 190.00, 299.00, 0.00, 20.00, '1.00', 588, 0, 1, 0),
('PANT. KALEXA 1304 T5', 'PANTALONES', NULL, 'PKA1304T5', '', 190.00, 299.00, 0.00, 20.00, '1.00', 589, 0, 1, 0),
('PANT. KALEXA 1304 T3', 'PANTALONES', NULL, 'PKA1304T3', '', 190.00, 299.00, 0.00, 20.00, '1.00', 590, 0, 1, 0),
('PANT. KALEXA 1304 T13', 'PANTALONES', NULL, 'PKA1304T13', '', 190.00, 299.00, 0.00, 20.00, '1.00', 591, 0, 1, 0),
('PANT. KALEXA 1304 T11', 'PANTALONES', NULL, 'PKA1304T11', '', 190.00, 299.00, 0.00, 20.00, '1.00', 592, 0, 1, 0),
('PANT. KALEXA 1303 T9', 'PANTALONES', NULL, 'PKA1303T9', '', 190.00, 299.00, 0.00, 20.00, '1.00', 593, 0, 1, 0),
('PANT. KALEXA 1303 T7', 'PANTALONES', NULL, 'PKA1303T7', '', 190.00, 299.00, 0.00, 20.00, '1.00', 594, 0, 1, 0),
('PANT. KALEXA 1303 T5', 'PANTALONES', NULL, 'PKA1303T5', '', 190.00, 299.00, 0.00, 20.00, '1.00', 595, 0, 1, 0),
('PANT. KALEXA 1303 T3', 'PANTALONES', NULL, 'PKA1303T3', '', 190.00, 299.00, 0.00, 20.00, '1.00', 596, 0, 1, 0),
('PANT. KALEXA 1303 T13', 'PANTALONES', NULL, 'PKA1303T13', '', 190.00, 299.00, 0.00, 20.00, '1.00', 597, 0, 1, 0),
('PANT. KALEXA 1303 T11', 'PANTALONES', NULL, 'PKA1303T11', '', 190.00, 299.00, 0.00, 20.00, '1.00', 598, 0, 1, 0),
('PANT. KALEXA 1302 T9', 'PANTALONES', NULL, 'PKA1302T9', '', 190.00, 299.00, 0.00, 20.00, '1.00', 599, 0, 1, 0),
('PANT. KALEXA 1302 T7', 'PANTALONES', NULL, 'PKA1302T7', '', 190.00, 299.00, 0.00, 20.00, '1.00', 600, 0, 1, 0),
('PANT. KALEXA 1302 T5', 'PANTALONES', NULL, 'PKA1302T5', '', 190.00, 299.00, 0.00, 20.00, '1.00', 601, 0, 1, 0),
('PANT. KALEXA 1302 T3', 'PANTALONES', NULL, 'PKA1302T3', '', 190.00, 299.00, 0.00, 20.00, '1.00', 602, 0, 1, 0),
('PANT. KALEXA 1302 T13', 'PANTALONES', NULL, 'PKA1302T13', '', 190.00, 299.00, 0.00, 20.00, '1.00', 603, 0, 1, 0),
('PANT. KALEXA 1302 T11', 'PANTALONES', NULL, 'PKA1302T11', '', 190.00, 299.00, 0.00, 20.00, '1.00', 604, 0, 1, 0),
('PANT. KALEXA 1301 T9', 'PANTALONES', NULL, 'PKA1301T9', '', 190.00, 299.00, 0.00, 20.00, '1.00', 605, 0, 1, 0),
('PANT. KALEXA 1301 T7', 'PANTALONES', NULL, 'PKA1301T7', '', 190.00, 299.00, 0.00, 20.00, '1.00', 606, 0, 1, 0),
('PANT. KALEXA 1301 T5', 'PANTALONES', NULL, 'PKA1301T5', '', 190.00, 299.00, 0.00, 20.00, '1.00', 607, 0, 1, 0),
('PANT. KALEXA 1301 T3', 'PANTALONES', NULL, 'PKA1301T3', '', 190.00, 299.00, 0.00, 20.00, '1.00', 608, 0, 1, 0),
('PANT. KALEXA 1301 T13', 'PANTALONES', NULL, 'PKA1301T13', '', 190.00, 299.00, 0.00, 20.00, '1.00', 609, 0, 1, 0),
('PANT. KALEXA 1301 T11', 'PANTALONES', NULL, 'PKA1301T11', '', 190.00, 299.00, 0.00, 20.00, '1.00', 610, 0, 1, 0),
('PANT. KALEXA 002 T9', 'PANTALONES', NULL, 'PKA002T9', '', 190.00, 299.00, 0.00, 20.00, '1.00', 611, 0, 1, 0),
('PANT. KALEXA 002 T7', 'PANTALONES', NULL, 'PKA002T7', '', 190.00, 299.00, 0.00, 20.00, '1.00', 612, 0, 1, 0),
('PANT. KALEXA 002 T5', 'PANTALONES', NULL, 'PKA002T5', '', 190.00, 299.00, 0.00, 20.00, '1.00', 613, 0, 1, 0),
('PANT. KALEXA 002 T3', 'PANTALONES', NULL, 'PKA002T3', '', 190.00, 299.00, 0.00, 20.00, '1.00', 614, 0, 1, 0),
('PANT. KALEXA 002 T13', 'PANTALONES', NULL, 'PKA002T13', '', 190.00, 299.00, 0.00, 20.00, '1.00', 615, 0, 1, 0),
('PANT. KALEXA 002 T11', 'PANTALONES', NULL, 'PKA002T11', '', 190.00, 299.00, 0.00, 20.00, '1.00', 616, 0, 1, 0),
('PANT. KALEXA 001 T9', 'PANTALONES', NULL, 'PKA001T9', '', 190.00, 299.00, 0.00, 20.00, '1.00', 617, 0, 1, 0),
('PANT. KALEXA 001 T7', 'PANTALONES', NULL, 'PKA001T7', '', 190.00, 299.00, 0.00, 20.00, '1.00', 618, 0, 1, 0),
('PANT. KALEXA 001 T5', 'PANTALONES', NULL, 'PKA001T5', '', 190.00, 299.00, 0.00, 20.00, '1.00', 619, 0, 1, 0),
('PANT. KALEXA 001 T3', 'PANTALONES', NULL, 'PKA001T3', '', 190.00, 299.00, 0.00, 20.00, '1.00', 620, 0, 1, 0),
('PANT. KALEXA 001 T13', 'PANTALONES', NULL, 'PKA001T13', '', 190.00, 299.00, 0.00, 20.00, '1.00', 621, 0, 1, 0),
('PANT. KALEXA 001 T11', 'PANTALONES', NULL, 'PKA001T11', '', 190.00, 299.00, 0.00, 19.00, '1.00', 622, 0, 1, 0),
('BLUSA KALEXA 100 AZUL TCH', 'BLUSAS', NULL, 'BKA100ATCH', '', 100.00, 199.00, 0.00, 19.00, '1.00', 623, 0, 1, 0),
('BLUSA INTERI 1825 MENTA TM', 'BLUSAS', NULL, 'BIN1825MTM', '', 155.00, 229.00, 0.00, 20.00, '1.00', 624, 0, 1, 0),
('BLUSA INTERI 1825 MENTA TG', 'BLUSAS', NULL, 'BIN1825MTG', '', 155.00, 229.00, 0.00, 20.00, '1.00', 625, 0, 1, 0),
('BLUSA INTERI 1825 MENTA TCH', 'BLUSAS', NULL, 'BIN1825MTC', '', 155.00, 229.00, 0.00, 20.00, '1.00', 626, 0, 1, 0),
('BLUSA INTERI 1825 CORAL TM', 'BLUSAS', NULL, 'BIN1825CTM', '', 155.00, 229.00, 0.00, 20.00, '1.00', 627, 0, 1, 0),
('BLUSA INTERI 1825 CORAL TG', 'BLUSAS', NULL, 'BIN1825CTG', '', 155.00, 229.00, 0.00, 20.00, '1.00', 628, 0, 1, 0),
('BLUSA INTERI 1825 CORAL TCH', 'BLUSAS', NULL, 'BIN1825CTCH', '', 155.00, 229.00, 0.00, 20.00, '1.00', 629, 0, 1, 0),
('BLUSA INTERI 1825 BLANCO TCH', 'BLUSAS', NULL, 'BIN1825BTC', '', 155.00, 229.00, 0.00, 16.00, '1.00', 630, 0, 1, 0),
('BLUSA INTERI 1825 BLANCA TM', 'BLUSAS', NULL, 'BIN1825BTM', '', 155.00, 229.00, 0.00, 18.00, '1.00', 631, 0, 1, 0),
('BLUSA INTERI 1825 BLANCA TG', 'BLUSAS', NULL, 'BIN1825BTG', '', 155.00, 229.00, 0.00, 23.00, '1.00', 632, 0, 1, 0),
('BLUSA INTERI 1825 AZUL TM', 'BLUSAS', NULL, 'BIN1825ATM', '', 155.00, 229.00, 0.00, 13.00, '1.00', 633, 0, 1, 0),
('BLUSA INTERI 1825 AZUL TG', 'BLUSAS', NULL, 'BIN1825ATCG', '', 155.00, 229.00, 0.00, 17.00, '1.00', 634, 0, 1, 0),
('BLUSA INTERI 1825 AZUL TCH', 'BLUSAS', NULL, 'BIN1825ATCH', '', 155.00, 229.00, 0.00, 12.00, '1.00', 635, 0, 1, 0),
('No Sale', 'No Sale', NULL, NULL, '', 0.00, 0.00, 0.00, 0.00, '0.00', 636, 0, 1, 0),
('1', '1', NULL, NULL, '', 2.00, 2.00, 0.00, 0.00, '1.00', 637, 0, 1, 0),
('Peter Red', 'Ciggi', NULL, '9556109105715', '', 10.00, 10.20, 0.00, -61.00, '5.00', 638, 0, 1, 0),
('htptest', 'test', NULL, NULL, '', 10.00, 100.00, 0.00, 19.00, '1.00', 639, 0, 1, 0),
('Mercedes slk', 'bouwdoos', NULL, '12345', '', 1.00, 100.00, 0.00, 22.00, '5.00', 640, 1, 1, 0),
('test', 'tester', NULL, NULL, '', 2.00, 8.00, 0.00, -58.00, '3.00', 641, 1, 1, 0),
('Gift Card', 'Gift Card', NULL, 'Gift Card', '0', 0.00, 20.00, 0.00, 999.00, '0.00', 642, 1, 1, 0),
('SSSSSS', 'SS', NULL, '555', '', 40.00, 50.00, 0.00, 21.00, '333.00', 643, 0, 1, 0),
('myitem1', 'paper', NULL, '4444', '', 34.00, 50.00, 0.00, 1556.00, '1.00', 644, 0, 1, 0);

CREATE TABLE items_taxes (
  item_id int(10) NOT NULL,
  `name` varchar(255) NOT NULL,
  percent double(15,3) NOT NULL,
  PRIMARY KEY (item_id,`name`,percent)
) ENGINE=InnoDB DEFAULT CHARSET=utf8;

CREATE TABLE item_kits (
  item_kit_id int(11) NOT NULL AUTO_INCREMENT,
  `name` varchar(255) NOT NULL,
  description varchar(255) NOT NULL,
  PRIMARY KEY (item_kit_id)
) ENGINE=InnoDB DEFAULT CHARSET=utf8 AUTO_INCREMENT=1 ;

CREATE TABLE item_kit_items (
  item_kit_id int(11) NOT NULL,
  item_id int(11) NOT NULL,
  quantity double(15,2) NOT NULL,
  PRIMARY KEY (item_kit_id,item_id,quantity),
  KEY item_kit_items_ibfk_2 (item_id)
) ENGINE=InnoDB DEFAULT CHARSET=utf8;

CREATE TABLE modules (
  name_lang_key varchar(255) NOT NULL,
  desc_lang_key varchar(255) NOT NULL,
  sort int(10) NOT NULL,
  module_id varchar(255) NOT NULL,
  PRIMARY KEY (module_id),
  UNIQUE KEY desc_lang_key (desc_lang_key),
  UNIQUE KEY name_lang_key (name_lang_key)
) ENGINE=InnoDB DEFAULT CHARSET=utf8;

INSERT INTO `modules` (`name_lang_key`, `desc_lang_key`, `sort`, `module_id`) VALUES
('module_config', 'module_config_desc', 100, 'config'),
('module_customers', 'module_customers_desc', 10, 'customers'),
('module_employees', 'module_employees_desc', 80, 'employees'),
('module_giftcards', 'module_giftcards_desc', 90, 'giftcards'),
('module_items', 'module_items_desc', 20, 'items'),
('module_item_kits', 'module_item_kits_desc', 30, 'item_kits'),
('module_receivings', 'module_receivings_desc', 60, 'receivings'),
('module_reports', 'module_reports_desc', 50, 'reports'),
('module_sales', 'module_sales_desc', 70, 'sales'),
('module_suppliers', 'module_suppliers_desc', 40, 'suppliers');

CREATE TABLE people (
  person_id int(10) NOT NULL AUTO_INCREMENT,
  first_name varchar(255) NOT NULL,
  last_name varchar(255) NOT NULL,
  phone_number varchar(255) NOT NULL,
  email varchar(255) NOT NULL,
  address_1 varchar(255) NOT NULL,
  address_2 varchar(255) NOT NULL,
  city varchar(255) NOT NULL,
  state varchar(255) NOT NULL,
  zip varchar(255) NOT NULL,
  comments text NOT NULL,
  country varchar(255) NOT NULL,
  PRIMARY KEY (person_id)
) ENGINE=InnoDB  DEFAULT CHARSET=latin1 AUTO_INCREMENT=2 ;

INSERT INTO `people` (`first_name`, `last_name`, `phone_number`, `email`, `address_1`, `address_2`, `city`, `state`, `zip`, `country`, `comments`, `person_id`) VALUES
('John', 'Doe', '555-555-5555', 'admin@pappastech.com', 'Address 1', '', '', '', '', '', '', 1),
('James', 'Adamson', '0400421777', 'hellokitty@google.com', '13 Google Street', '', 'Harlet Homeboy', 'Queensland', '4001', 'Australia', '', 2),
('Tax', 'Exempt', '', '', '', '', '', '', '', '', '', 3),
('John', 'Moore', '', '', '', '', '', '', '', '', '', 4);

CREATE TABLE permissions (
  module_id varchar(255) NOT NULL,
  person_id int(10) NOT NULL,
  PRIMARY KEY (module_id,person_id),
  KEY person_id (person_id)
) ENGINE=InnoDB DEFAULT CHARSET=utf8;

INSERT INTO `permissions` (`module_id`, `person_id`) VALUES
('config', 1),
('customers', 1),
('employees', 1),
('giftcards', 1),
('items', 1),
('item_kits', 1),
('receivings', 1),
('reports', 1),
('sales', 1),
('suppliers', 1);

CREATE TABLE receivings (
  receiving_time timestamp NOT NULL DEFAULT CURRENT_TIMESTAMP,
  supplier_id int(10) DEFAULT NULL,
  employee_id int(10) NOT NULL DEFAULT '0',
  `comment` text NOT NULL,
  receiving_id int(10) NOT NULL AUTO_INCREMENT,
  payment_type varchar(20) DEFAULT NULL,
  PRIMARY KEY (receiving_id),
  KEY supplier_id (supplier_id),
  KEY employee_id (employee_id)
) ENGINE=InnoDB DEFAULT CHARSET=utf8 AUTO_INCREMENT=1 ;

CREATE TABLE receivings_items (
  receiving_id int(10) NOT NULL DEFAULT '0',
  item_id int(10) NOT NULL DEFAULT '0',
  description varchar(30) DEFAULT NULL,
  serialnumber varchar(30) DEFAULT NULL,
  line int(3) NOT NULL,
  quantity_purchased int(10) NOT NULL DEFAULT '0',
  item_cost_price decimal(15,2) NOT NULL,
  item_unit_price double(15,2) NOT NULL,
  discount_percent int(11) NOT NULL DEFAULT '0',
  PRIMARY KEY (receiving_id,item_id,line),
  KEY item_id (item_id)
) ENGINE=InnoDB DEFAULT CHARSET=utf8;

CREATE TABLE sales (
  sale_time timestamp NOT NULL DEFAULT CURRENT_TIMESTAMP,
  customer_id int(10) DEFAULT NULL,
  employee_id int(10) NOT NULL DEFAULT '0',
  `comment` text NOT NULL,
  sale_id int(10) NOT NULL AUTO_INCREMENT,
  payment_type varchar(512) DEFAULT NULL,
  PRIMARY KEY (sale_id),
  KEY customer_id (customer_id),
  KEY employee_id (employee_id)
) ENGINE=InnoDB DEFAULT CHARSET=utf8 AUTO_INCREMENT=1 ;

CREATE TABLE sales_items (
  sale_id int(10) NOT NULL DEFAULT '0',
  item_id int(10) NOT NULL DEFAULT '0',
  description varchar(30) DEFAULT NULL,
  serialnumber varchar(30) DEFAULT NULL,
  line int(3) NOT NULL DEFAULT '0',
  quantity_purchased double(15,2) NOT NULL DEFAULT '0.00',
  item_cost_price decimal(15,2) NOT NULL,
  item_unit_price double(15,2) NOT NULL,
  discount_percent int(11) NOT NULL DEFAULT '0',
  PRIMARY KEY (sale_id,item_id,line),
  KEY item_id (item_id)
) ENGINE=InnoDB DEFAULT CHARSET=utf8;

CREATE TABLE sales_items_taxes (
  sale_id int(10) NOT NULL,
  item_id int(10) NOT NULL,
  line int(3) NOT NULL DEFAULT '0',
  `name` varchar(255) NOT NULL,
  percent double(15,3) NOT NULL,
  PRIMARY KEY (sale_id,item_id,line,`name`,percent),
  KEY item_id (item_id)
) ENGINE=InnoDB DEFAULT CHARSET=utf8;

CREATE TABLE sales_payments (
  sale_id int(10) NOT NULL,
  payment_type varchar(40) NOT NULL,
  payment_amount decimal(15,2) NOT NULL,
  PRIMARY KEY (sale_id,payment_type)
) ENGINE=InnoDB DEFAULT CHARSET=utf8;

CREATE TABLE sales_suspended (
  sale_time timestamp NOT NULL DEFAULT CURRENT_TIMESTAMP,
  customer_id int(10) DEFAULT NULL,
  employee_id int(10) NOT NULL DEFAULT '0',
  `comment` text NOT NULL,
  sale_id int(10) NOT NULL AUTO_INCREMENT,
  payment_type varchar(512) DEFAULT NULL,
  PRIMARY KEY (sale_id),
  KEY customer_id (customer_id),
  KEY employee_id (employee_id)
) ENGINE=InnoDB DEFAULT CHARSET=utf8 AUTO_INCREMENT=1 ;

CREATE TABLE sales_suspended_items (
  sale_id int(10) NOT NULL DEFAULT '0',
  item_id int(10) NOT NULL DEFAULT '0',
  description varchar(30) DEFAULT NULL,
  serialnumber varchar(30) DEFAULT NULL,
  line int(3) NOT NULL DEFAULT '0',
  quantity_purchased double(15,2) NOT NULL DEFAULT '0.00',
  item_cost_price decimal(15,2) NOT NULL,
  item_unit_price double(15,2) NOT NULL,
  discount_percent int(11) NOT NULL DEFAULT '0',
  PRIMARY KEY (sale_id,item_id,line),
  KEY item_id (item_id)
) ENGINE=InnoDB DEFAULT CHARSET=utf8;

CREATE TABLE sales_suspended_items_taxes (
  sale_id int(10) NOT NULL,
  item_id int(10) NOT NULL,
  line int(3) NOT NULL DEFAULT '0',
  `name` varchar(255) NOT NULL,
  percent double(15,3) NOT NULL,
  PRIMARY KEY (sale_id,item_id,line,`name`,percent),
  KEY item_id (item_id)
) ENGINE=InnoDB DEFAULT CHARSET=utf8;

CREATE TABLE sales_suspended_payments (
  sale_id int(10) NOT NULL,
  payment_type varchar(40) NOT NULL,
  payment_amount decimal(15,2) NOT NULL,
  PRIMARY KEY (sale_id,payment_type)
) ENGINE=InnoDB DEFAULT CHARSET=utf8;

CREATE TABLE sessions (
  session_id varchar(40) NOT NULL DEFAULT '0',
  ip_address varchar(16) NOT NULL DEFAULT '0',
  user_agent varchar(120) NOT NULL,
  last_activity int(10) unsigned NOT NULL DEFAULT '0',
  user_data text,
  PRIMARY KEY (session_id)
) ENGINE=InnoDB DEFAULT CHARSET=utf8;

CREATE TABLE suppliers (
  person_id int(10) NOT NULL,
  company_name varchar(255) NOT NULL,
  account_number varchar(255) DEFAULT NULL,
  deleted int(1) NOT NULL DEFAULT '0',
  UNIQUE KEY account_number (account_number),
  KEY person_id (person_id)
) ENGINE=InnoDB DEFAULT CHARSET=utf8;

ALTER TABLE customers
  ADD CONSTRAINT customers_ibfk_1 FOREIGN KEY (person_id) REFERENCES people (person_id);

ALTER TABLE employees
  ADD CONSTRAINT employees_ibfk_1 FOREIGN KEY (person_id) REFERENCES people (person_id);

ALTER TABLE inventory
  ADD CONSTRAINT inventory_ibfk_1 FOREIGN KEY (trans_items) REFERENCES items (item_id),
  ADD CONSTRAINT inventory_ibfk_2 FOREIGN KEY (trans_user) REFERENCES employees (person_id);

ALTER TABLE items
  ADD CONSTRAINT items_ibfk_1 FOREIGN KEY (supplier_id) REFERENCES suppliers (person_id);

ALTER TABLE items_taxes
  ADD CONSTRAINT items_taxes_ibfk_1 FOREIGN KEY (item_id) REFERENCES items (item_id) ON DELETE CASCADE;

ALTER TABLE item_kit_items
  ADD CONSTRAINT item_kit_items_ibfk_1 FOREIGN KEY (item_kit_id) REFERENCES item_kits (item_kit_id) ON DELETE CASCADE,
  ADD CONSTRAINT item_kit_items_ibfk_2 FOREIGN KEY (item_id) REFERENCES items (item_id) ON DELETE CASCADE;

ALTER TABLE permissions
  ADD CONSTRAINT permissions_ibfk_1 FOREIGN KEY (person_id) REFERENCES employees (person_id),
  ADD CONSTRAINT permissions_ibfk_2 FOREIGN KEY (module_id) REFERENCES modules (module_id);

ALTER TABLE receivings
  ADD CONSTRAINT receivings_ibfk_1 FOREIGN KEY (employee_id) REFERENCES employees (person_id),
  ADD CONSTRAINT receivings_ibfk_2 FOREIGN KEY (supplier_id) REFERENCES suppliers (person_id);

ALTER TABLE receivings_items
  ADD CONSTRAINT receivings_items_ibfk_1 FOREIGN KEY (item_id) REFERENCES items (item_id),
  ADD CONSTRAINT receivings_items_ibfk_2 FOREIGN KEY (receiving_id) REFERENCES receivings (receiving_id);

ALTER TABLE sales
  ADD CONSTRAINT sales_ibfk_1 FOREIGN KEY (employee_id) REFERENCES employees (person_id),
  ADD CONSTRAINT sales_ibfk_2 FOREIGN KEY (customer_id) REFERENCES customers (person_id);

ALTER TABLE sales_items
  ADD CONSTRAINT sales_items_ibfk_1 FOREIGN KEY (item_id) REFERENCES items (item_id),
  ADD CONSTRAINT sales_items_ibfk_2 FOREIGN KEY (sale_id) REFERENCES sales (sale_id);

ALTER TABLE sales_items_taxes
  ADD CONSTRAINT sales_items_taxes_ibfk_1 FOREIGN KEY (sale_id) REFERENCES sales_items (sale_id),
  ADD CONSTRAINT sales_items_taxes_ibfk_2 FOREIGN KEY (item_id) REFERENCES items (item_id);

ALTER TABLE sales_payments
  ADD CONSTRAINT sales_payments_ibfk_1 FOREIGN KEY (sale_id) REFERENCES sales (sale_id);

ALTER TABLE sales_suspended
  ADD CONSTRAINT sales_suspended_ibfk_1 FOREIGN KEY (employee_id) REFERENCES employees (person_id),
  ADD CONSTRAINT sales_suspended_ibfk_2 FOREIGN KEY (customer_id) REFERENCES customers (person_id);

ALTER TABLE sales_suspended_items
  ADD CONSTRAINT sales_suspended_items_ibfk_1 FOREIGN KEY (item_id) REFERENCES items (item_id),
  ADD CONSTRAINT sales_suspended_items_ibfk_2 FOREIGN KEY (sale_id) REFERENCES sales_suspended (sale_id);

ALTER TABLE sales_suspended_items_taxes
  ADD CONSTRAINT sales_suspended_items_taxes_ibfk_1 FOREIGN KEY (sale_id) REFERENCES sales_suspended_items (sale_id),
  ADD CONSTRAINT sales_suspended_items_taxes_ibfk_2 FOREIGN KEY (item_id) REFERENCES items (item_id);

ALTER TABLE sales_suspended_payments
  ADD CONSTRAINT sales_suspended_payments_ibfk_1 FOREIGN KEY (sale_id) REFERENCES sales_suspended (sale_id);

ALTER TABLE suppliers
  ADD CONSTRAINT suppliers_ibfk_1 FOREIGN KEY (person_id) REFERENCES people (person_id);
